,PH130,PH133,PH2,PH25,PH14,PH117,PH51,PH102,PH120,PH123,PH124,PH126,PH127,PH143,PH48,PH55,PH6,PH59,PH54,PH38,PH125,PH135,PH114,PH144,PH139,PH34,PH40,PH37,PH32,PH119,PH136,PH31,PH36,PH110,PH122,PH26,PH27,PH33,PH8,PH49,PH108,PH7,PH22,PH128,PH132,PH3,PH99,PH100,PH21,PH4,PH56,PH50,PH138,PH18,PH35,PH23,PH104,PH1,PH112,PH129,PH58,PH145,PH121,PH137,PH13,PH15,PH9,PH115,PH11,PH116,PH140,PH24,PH101,PH107,PH43,PH42,PH60,PH16,PH57,PH118,PH103,PH28,PH105,PH61,PH63,PH109,PH97,PH141,PH41,PH46,PH17,PH30,PH44,PH29,PH45,PH47,PH111,PH106,PH113,PH19,PH39,PH52,PH131,PH134,PH62,PH20,PH5
PH130,80906,80773,80778,80679,80743,17723,16518,7507,7507,7507,7507,7505,7507,7509,7504,7508,7506,7503,7504,7505,7514,7511,7464,7447,7463,7467,7467,7461,7460,7498,7498,7508,7514,7478,7196,7483,7481,7672,8178,6576,4624,4623,4624,4624,4592,4473,4600,4789,4799,4805,4805,5010,4481,4323,4312,4313,5537,5536,5541,5084,5085,5079,4588,4612,4611,4681,4690,5918,5914,4526,4523,4579,4502,4502,4499,4499,4497,4502,4501,4586,4461,4461,4460,4462,4459,4462,4460,4462,4460,4460,4459,4459,4461,4461,4397,4400,4410,4507,4506,4504,4506,4501,4663,4664,4548,4665,4756
PH133,80773,80954,80906,80772,80833,17787,16588,7580,7580,7580,7580,7578,7580,7582,7577,7581,7579,7576,7577,7578,7587,7584,7537,7520,7536,7540,7540,7534,7533,7566,7566,7581,7587,7551,7253,7557,7555,7744,8247,6646,4695,4694,4695,4695,4660,4541,4668,4861,4871,4877,4877,5077,4552,4390,4379,4380,5608,5607,5612,5156,5157,5151,4660,4683,4682,4752,4761,5986,5982,4597,4594,4650,4573,4573,4570,4570,4568,4573,4572,4657,4532,4532,4531,4533,4530,4533,4531,4533,4531,4531,4530,4530,4532,4532,4468,4471,4481,4578,4577,4575,4577,4572,4735,4736,4620,4737,4827
PH2,80778,80906,81055,80811,80877,17791,16601,7575,7575,7575,7575,7573,7575,7577,7573,7578,7575,7571,7573,7574,7582,7579,7532,7515,7531,7538,7537,7531,7528,7561,7561,7576,7584,7547,7246,7553,7550,7740,8244,6643,4691,4690,4691,4691,4656,4537,4664,4856,4866,4872,4872,5072,4548,4386,4375,4376,5602,5603,5607,5153,5154,5148,4655,4679,4678,4748,4757,5980,5976,4593,4590,4645,4568,4568,4565,4565,4563,4568,4567,4653,4528,4528,4527,4529,4526,4529,4527,4529,4528,4527,4526,4526,4529,4528,4464,4468,4477,4574,4573,4571,4574,4568,4730,4731,4615,4732,4822
PH25,80679,80772,80811,80881,80824,17745,16542,7538,7537,7535,7535,7534,7538,7540,7533,7535,7534,7532,7533,7534,7542,7540,7492,7478,7492,7494,7494,7490,7490,7522,7522,7538,7541,7504,7213,7514,7514,7697,8204,6602,4654,4652,4654,4654,4617,4498,4627,4818,4827,4833,4832,5033,4511,4348,4337,4339,5566,5564,5570,5113,5113,5109,4617,4643,4642,4710,4718,5939,5935,4553,4551,4609,4532,4532,4530,4529,4528,4533,4531,4617,4490,4490,4489,4491,4488,4491,4489,4490,4488,4489,4488,4488,4490,4490,4428,4431,4441,4536,4536,4534,4535,4531,4694,4696,4580,4697,4787
PH14,80743,80833,80877,80824,80939,17775,16575,7568,7567,7567,7567,7566,7568,7570,7565,7568,7566,7564,7567,7566,7574,7572,7524,7508,7524,7527,7527,7522,7522,7559,7559,7570,7574,7537,7248,7546,7546,7731,8238,6634,4686,4684,4686,4686,4649,4531,4658,4848,4858,4864,4863,5069,4541,4379,4368,4370,5597,5595,5601,5142,5142,5137,4651,4675,4676,4744,4750,5975,5971,4586,4582,4640,4563,4563,4561,4560,4559,4564,4562,4649,4523,4523,4522,4524,4521,4524,4522,4523,4522,4522,4521,4521,4524,4523,4459,4463,4472,4567,4567,4565,4566,4564,4724,4726,4610,4727,4820
PH117,17723,17787,17791,17745,17775,39888,17376,7381,7380,7382,7381,7381,7382,7383,7382,7382,7383,7383,7385,7379,7386,7385,7336,7321,7336,7339,7339,7335,7337,7365,7365,7381,7385,7499,7107,7380,7375,7529,8142,6656,4710,4709,4710,4710,4548,4432,4582,4796,4805,4809,4809,5134,4454,4283,4284,4291,6242,6241,6250,5263,5263,5259,4943,4580,4582,4631,4637,6811,6803,4483,4483,4572,4701,4700,4698,4697,4696,4703,4701,4835,4534,4536,4534,4537,4533,4534,4534,4535,4533,4534,4534,4534,4534,4535,4422,4424,4419,4410,4410,4409,4410,4406,4591,4594,4479,4596,5075
PH51,16518,16588,16601,16542,16575,17376,31727,7341,7341,7342,7342,7341,7342,7343,7343,7343,7344,7339,7342,7341,7347,7379,7297,7281,7296,7300,7300,7298,7295,7326,7326,7344,7348,7732,7086,7526,7525,7537,7972,6458,4592,4593,4592,4592,4612,4492,4645,5331,5337,5345,5346,5351,4415,4255,4247,4248,5548,5551,5563,5539,5541,5535,4395,4566,4566,4625,4636,5713,5707,4623,4623,4597,4356,4356,4353,4353,4351,4358,4358,4425,4325,4325,4325,4325,4323,4325,4325,4327,4327,4326,4324,4324,4329,4326,4259,4263,4259,4387,4386,4385,4387,4378,4497,4498,4382,4498,4520
PH102,7507,7580,7575,7538,7568,7381,7341,16592,16584,16570,16572,16567,16575,16579,16560,16562,16557,16552,16558,16562,16567,16562,16519,16510,16518,16523,16520,16509,16509,16551,16550,16552,16567,11375,11849,11868,11868,12491,10216,8413,4372,4372,4372,4372,4407,4292,4412,4093,4102,4106,4101,4286,4182,4020,4016,4019,4444,4446,4453,4454,4454,4450,4077,4259,4259,4390,4401,4491,4491,4206,4206,4311,3910,3910,3910,3909,3908,3912,3912,3897,3867,3867,3867,3868,3868,3867,3867,3867,3867,3867,3867,3867,3867,3868,3846,3848,3853,4093,4094,4093,4093,4088,4175,4179,4063,4179,4241
PH120,7507,7580,7575,7537,7567,7380,7341,16584,16593,16571,16572,16567,16575,16578,16557,16559,16554,16548,16554,16558,16567,16562,16520,16507,16518,16520,16520,16506,16505,16550,16546,16548,16564,11377,11846,11866,11868,12490,10215,8417,4372,4373,4372,4375,4411,4292,4415,4096,4102,4106,4102,4289,4186,4021,4017,4022,4447,4447,4456,4454,4455,4450,4080,4259,4259,4394,4403,4495,4492,4209,4207,4314,3914,3914,3913,3910,3908,3915,3913,3899,3869,3869,3869,3868,3870,3869,3867,3870,3868,3867,3867,3867,3867,3868,3846,3848,3853,4097,4097,4093,4094,4088,4176,4179,4063,4179,4241
PH123,7507,7580,7575,7535,7567,7382,7342,16570,16571,16588,16583,16578,16568,16571,16572,16573,16569,16563,16569,16557,16562,16557,16515,16500,16513,16519,16519,16505,16504,16545,16541,16547,16563,11372,11848,11872,11874,12489,10223,8422,4373,4374,4373,4376,4411,4292,4415,4097,4103,4107,4103,4290,4186,4022,4018,4023,4448,4448,4457,4455,4456,4450,4081,4259,4259,4393,4402,4496,4493,4209,4207,4314,3914,3914,3913,3910,3908,3915,3913,3899,3869,3869,3869,3868,3870,3869,3867,3870,3868,3867,3867,3867,3867,3868,3846,3848,3853,4097,4097,4093,4094,4088,4176,4179,4063,4179,4241
PH124,7507,7580,7575,7535,7567,7381,7342,16572,16572,16583,16586,16580,16569,16573,16570,16572,16567,16561,16567,16555,16564,16558,16516,16501,16514,16518,16518,16504,16503,16547,16543,16546,16562,11373,11846,11870,11872,12486,10219,8418,4373,4374,4373,4376,4411,4292,4415,4097,4103,4107,4103,4290,4186,4022,4018,4023,4448,4448,4457,4455,4456,4450,4081,4259,4259,4393,4402,4496,4493,4209,4207,4314,3914,3914,3913,3910,3908,3915,3913,3899,3869,3869,3869,3868,3870,3869,3867,3870,3868,3867,3867,3867,3867,3868,3846,3848,3853,4097,4097,4093,4094,4088,4176,4179,4063,4179,4241
PH126,7505,7578,7573,7534,7566,7381,7341,16567,16567,16578,16580,16581,16568,16568,16568,16570,16565,16560,16566,16554,16558,16555,16511,16497,16510,16512,16515,16502,16499,16542,16538,16545,16559,11372,11842,11868,11868,12482,10218,8417,4373,4373,4373,4376,4410,4292,4415,4097,4103,4107,4102,4290,4185,4021,4017,4023,4448,4447,4457,4455,4455,4450,4081,4259,4259,4393,4401,4495,4492,4209,4206,4314,3913,3913,3913,3909,3908,3915,3912,3899,3869,3869,3869,3868,3870,3869,3867,3869,3867,3867,3867,3867,3867,3868,3846,3848,3853,4096,4097,4093,4093,4088,4175,4179,4063,4179,4241
PH127,7507,7580,7575,7538,7568,7382,7342,16575,16575,16568,16569,16568,16585,16578,16557,16559,16554,16549,16555,16561,16566,16562,16519,16505,16518,16519,16522,16508,16505,16550,16546,16551,16566,11380,11847,11869,11869,12490,10218,8418,4374,4374,4374,4377,4412,4294,4417,4098,4104,4108,4103,4291,4187,4022,4018,4024,4449,4448,4458,4456,4456,4452,4082,4261,4261,4395,4403,4496,4493,4211,4208,4316,3915,3915,3915,3911,3910,3917,3914,3901,3871,3871,3871,3870,3872,3871,3869,3871,3869,3869,3869,3869,3869,3870,3848,3850,3855,4098,4099,4095,4095,4090,4177,4181,4064,4181,4243
PH143,7509,7582,7577,7540,7570,7383,7343,16579,16578,16571,16573,16568,16578,16589,16558,16560,16555,16552,16556,16562,16570,16565,16522,16508,16523,16523,16523,16509,16511,16554,16550,16552,16567,11380,11851,11870,11873,12493,10218,8418,4374,4374,4374,4377,4412,4294,4417,4098,4104,4108,4103,4291,4187,4022,4018,4024,4449,4448,4458,4456,4456,4452,4082,4261,4261,4395,4403,4496,4493,4211,4208,4316,3915,3915,3915,3911,3910,3917,3914,3901,3871,3871,3871,3870,3872,3871,3869,3871,3869,3869,3869,3869,3869,3870,3848,3850,3855,4098,4099,4095,4095,4090,4177,4181,4064,4181,4243
PH48,7504,7577,7573,7533,7565,7382,7343,16560,16557,16572,16570,16568,16557,16558,16586,16582,16572,16563,16571,16558,16549,16544,16501,16489,16499,16520,16520,16514,16501,16532,16531,16547,16566,11364,11841,11879,11869,12490,10225,8417,4373,4375,4373,4373,4408,4292,4412,4094,4103,4107,4104,4287,4183,4022,4019,4020,4447,4452,4456,4454,4456,4449,4079,4260,4260,4390,4403,4494,4494,4207,4208,4312,3911,3911,3910,3910,3908,3912,3914,3897,3867,3867,3867,3868,3868,3867,3867,3868,3869,3868,3867,3867,3868,3868,3846,3848,3853,4095,4095,4094,4096,4089,4176,4179,4063,4179,4242
PH55,7508,7581,7578,7535,7568,7382,7343,16562,16559,16573,16572,16570,16559,16560,16582,16598,16571,16562,16572,16560,16551,16546,16503,16491,16501,16530,16529,16519,16500,16534,16533,16547,16575,11367,11844,11880,11869,12497,10226,8418,4373,4375,4373,4373,4409,4294,4413,4094,4104,4108,4105,4288,4183,4022,4019,4020,4446,4451,4455,4455,4457,4450,4080,4259,4259,4392,4405,4494,4494,4208,4209,4312,3911,3911,3910,3910,3908,3912,3914,3897,3868,3868,3868,3869,3869,3868,3868,3869,3870,3869,3868,3868,3869,3869,3846,3848,3853,4094,4094,4093,4095,4088,4176,4179,4063,4179,4241
PH6,7506,7579,7575,7534,7566,7383,7344,16557,16554,16569,16567,16565,16554,16555,16572,16571,16577,16562,16568,16555,16546,16541,16498,16486,16498,16510,16510,16503,16495,16530,16529,16545,16557,11367,11843,11874,11869,12487,10223,8419,4373,4375,4373,4373,4408,4292,4412,4094,4103,4107,4104,4287,4183,4022,4019,4020,4446,4450,4455,4455,4457,4450,4078,4259,4259,4390,4402,4494,4494,4206,4207,4311,3911,3911,3910,3910,3908,3912,3914,3897,3867,3867,3867,3868,3868,3867,3867,3868,3869,3868,3867,3867,3868,3868,3846,3848,3853,4094,4094,4093,4095,4088,4176,4179,4063,4179,4241
PH59,7503,7576,7571,7532,7564,7383,7339,16552,16548,16563,16561,16560,16549,16552,16563,16562,16562,16570,16562,16554,16540,16536,16492,16481,16495,16502,16502,16494,16499,16525,16524,16538,16549,11367,11845,11876,11869,12483,10223,8414,4373,4373,4373,4373,4407,4292,4412,4094,4105,4109,4102,4289,4182,4021,4017,4022,4447,4449,4456,4455,4455,4450,4081,4260,4260,4393,4402,4493,4493,4207,4207,4312,3910,3910,3910,3909,3908,3912,3912,3897,3867,3869,3867,3870,3868,3867,3867,3867,3867,3867,3869,3869,3867,3868,3846,3848,3853,4094,4095,4094,4094,4091,4175,4179,4065,4181,4244
PH54,7504,7577,7573,7533,7567,7385,7342,16558,16554,16569,16567,16566,16555,16556,16571,16572,16568,16562,16579,16554,16546,16542,16498,16487,16497,16508,16508,16501,16497,16531,16530,16545,16555,11366,11844,11873,11871,12483,10223,8419,4373,4373,4373,4373,4407,4292,4412,4094,4103,4107,4102,4287,4182,4021,4017,4020,4447,4449,4456,4455,4455,4450,4082,4260,4262,4394,4403,4493,4493,4208,4208,4312,3910,3910,3910,3909,3908,3912,3912,3897,3867,3867,3867,3868,3868,3867,3867,3867,3867,3867,3867,3867,3867,3868,3846,3848,3853,4094,4095,4094,4094,4091,4175,4179,4063,4179,4244
PH38,7505,7578,7574,7534,7566,7379,7341,16562,16558,16557,16555,16554,16561,16562,16558,16560,16555,16554,16554,16584,16552,16548,16504,16491,16503,16515,16515,16509,16507,16537,16536,16550,16562,11374,11848,11877,11869,12494,10221,8413,4374,4375,4374,4374,4408,4293,4413,4095,4104,4108,4104,4288,4183,4022,4019,4021,4448,4451,4457,4456,4457,4451,4080,4260,4260,4392,4403,4494,4494,4208,4208,4313,3911,3911,3911,3910,3909,3913,3914,3898,3868,3868,3868,3869,3869,3868,3868,3868,3869,3869,3868,3868,3869,3869,3847,3849,3854,4095,4096,4095,4096,4090,4176,4180,4063,4180,4243
PH125,7514,7587,7582,7542,7574,7386,7347,16567,16567,16562,16564,16558,16566,16570,16549,16551,16546,16540,16546,16552,16584,16571,16521,16504,16519,16522,16522,16508,16507,16552,16548,16550,16566,11385,11854,11875,11877,12498,10224,8422,4379,4380,4379,4382,4416,4298,4421,4103,4109,4113,4109,4294,4192,4025,4021,4029,4454,4454,4463,4461,4462,4456,4087,4265,4265,4399,4407,4502,4499,4215,4213,4320,3920,3920,3919,3916,3914,3920,3918,3905,3875,3875,3875,3873,3875,3875,3873,3876,3874,3873,3873,3873,3873,3874,3852,3854,3859,4103,4102,4099,4100,4093,4180,4182,4065,4182,4247
PH135,7511,7584,7579,7540,7572,7385,7379,16562,16562,16557,16558,16555,16562,16565,16544,16546,16541,16536,16542,16548,16571,16685,16516,16500,16515,16516,16516,16503,16503,16547,16543,16546,16560,11381,11850,11870,11873,12494,10220,8419,4377,4377,4377,4380,4414,4297,4420,4101,4107,4111,4106,4294,4188,4022,4018,4027,4452,4451,4461,4458,4458,4453,4084,4262,4262,4397,4404,4499,4496,4213,4210,4319,3917,3917,3917,3913,3912,3918,3915,3903,3873,3873,3873,3871,3873,3873,3871,3873,3871,3871,3871,3871,3871,3872,3850,3852,3857,4101,4101,4098,4098,4092,4177,4180,4063,4180,4245
PH114,7464,7537,7532,7492,7524,7336,7297,16519,16520,16515,16516,16511,16519,16522,16501,16503,16498,16492,16498,16504,16521,16516,16543,16510,16528,16530,16530,16516,16515,16512,16508,16512,16526,11333,11802,11821,11823,12444,10173,8371,4327,4328,4327,4330,4364,4253,4370,4051,4057,4061,4057,4244,4140,3975,3971,3977,4403,4403,4412,4410,4411,4405,4035,4214,4214,4348,4357,4451,4448,4164,4162,4268,3869,3869,3868,3865,3863,3870,3868,3854,3824,3824,3824,3822,3824,3824,3822,3825,3823,3822,3822,3822,3822,3823,3801,3803,3808,4051,4050,4047,4048,4042,4130,4134,4016,4133,4196
PH144,7447,7520,7515,7478,7508,7321,7281,16510,16507,16500,16501,16497,16505,16508,16489,16491,16486,16481,16487,16491,16504,16500,16510,16534,16509,16513,16510,16499,16499,16496,16495,16497,16512,11314,11788,11806,11806,12430,10155,8352,4312,4312,4312,4312,4346,4241,4352,4033,4042,4046,4041,4226,4122,3959,3955,3959,4384,4386,4393,4394,4394,4390,4017,4199,4199,4330,4341,4431,4431,4146,4146,4251,3850,3850,3850,3849,3848,3852,3852,3837,3807,3807,3807,3807,3807,3807,3807,3807,3807,3807,3807,3807,3807,3808,3786,3788,3793,4033,4033,4033,4033,4028,4114,4119,4002,4118,4181
PH139,7463,7536,7531,7492,7524,7336,7296,16518,16518,16513,16514,16510,16518,16523,16499,16501,16498,16495,16497,16503,16519,16515,16528,16509,16538,16533,16534,16520,16521,16511,16507,16509,16524,11333,11802,11822,11825,12446,10171,8370,4327,4327,4327,4330,4363,4253,4369,4051,4057,4061,4056,4244,4139,3974,3970,3977,4402,4401,4411,4409,4409,4404,4035,4213,4213,4347,4355,4449,4446,4163,4160,4268,3867,3867,3867,3863,3862,3869,3866,3853,3823,3823,3823,3821,3823,3823,3821,3823,3821,3821,3821,3821,3821,3822,3801,3802,3807,4050,4050,4047,4047,4042,4128,4133,4015,4132,4195
PH34,7467,7540,7538,7494,7527,7339,7300,16523,16520,16519,16518,16512,16519,16523,16520,16530,16510,16502,16508,16515,16522,16516,16530,16513,16533,16570,16561,16540,16532,16513,16512,16519,16553,11331,11808,11837,11827,12468,10179,8373,4327,4329,4327,4327,4362,4255,4367,4048,4058,4062,4059,4242,4137,3975,3972,3974,4400,4405,4409,4410,4412,4405,4033,4214,4214,4345,4358,4448,4448,4161,4162,4266,3865,3865,3864,3864,3862,3866,3868,3851,3822,3822,3822,3822,3822,3822,3822,3823,3824,3823,3822,3822,3823,3823,3801,3802,3807,4048,4047,4047,4049,4042,4129,4133,4015,4132,4195
PH40,7467,7540,7537,7494,7527,7339,7300,16520,16520,16519,16518,16515,16522,16523,16520,16529,16510,16502,16508,16515,16522,16516,16530,16510,16534,16561,16565,16541,16526,16513,16509,16519,16552,11334,11805,11837,11827,12463,10179,8376,4327,4329,4327,4330,4365,4255,4370,4051,4058,4062,4059,4245,4140,3975,3972,3977,4403,4405,4412,4409,4411,4404,4036,4214,4214,4348,4358,4451,4448,4164,4162,4269,3868,3868,3867,3864,3862,3869,3868,3853,3824,3824,3824,3822,3824,3824,3822,3825,3824,3823,3822,3822,3823,3823,3801,3802,3807,4051,4050,4047,4049,4042,4129,4133,4015,4132,4195
PH37,7461,7534,7531,7490,7522,7335,7298,16509,16506,16505,16504,16502,16508,16509,16514,16519,16503,16494,16501,16509,16508,16503,16516,16499,16520,16540,16541,16541,16519,16499,16498,16513,16534,11324,11797,11829,11820,12450,10176,8368,4327,4329,4327,4327,4361,4253,4366,4048,4057,4061,4058,4241,4137,3975,3972,3974,4400,4405,4409,4408,4410,4403,4032,4212,4212,4343,4356,4448,4448,4160,4161,4265,3865,3865,3864,3864,3862,3866,3868,3851,3821,3821,3821,3821,3821,3821,3821,3822,3823,3822,3821,3821,3822,3822,3801,3802,3807,4048,4047,4047,4049,4042,4129,4133,4015,4132,4195
PH32,7460,7533,7528,7490,7522,7337,7295,16509,16505,16504,16503,16499,16505,16511,16501,16500,16495,16499,16497,16507,16507,16503,16515,16499,16521,16532,16526,16519,16536,16500,16499,16510,16520,11326,11803,11827,11826,12446,10173,8367,4327,4327,4327,4327,4360,4253,4366,4048,4059,4063,4056,4243,4137,3975,3971,3977,4401,4403,4410,4410,4410,4405,4035,4215,4215,4347,4356,4447,4447,4162,4162,4267,3864,3864,3864,3863,3862,3866,3866,3851,3821,3823,3821,3823,3821,3821,3821,3821,3821,3821,3823,3823,3821,3822,3801,3802,3807,4049,4049,4049,4049,4046,4129,4134,4018,4135,4199
PH119,7498,7566,7561,7522,7559,7365,7326,16551,16550,16545,16547,16542,16550,16554,16532,16534,16530,16525,16531,16537,16552,16547,16512,16496,16511,16513,16513,16499,16500,16573,16569,16552,16566,11362,11848,11852,11855,12475,10199,8399,4356,4356,4356,4359,4392,4275,4398,4080,4086,4090,4085,4278,4168,4003,3999,4006,4431,4430,4440,4438,4438,4433,4064,4242,4242,4376,4384,4478,4475,4192,4189,4297,3896,3896,3896,3892,3891,3898,3895,3882,3852,3852,3852,3850,3852,3852,3850,3852,3850,3850,3850,3850,3850,3851,3829,3831,3836,4079,4079,4076,4076,4071,4157,4162,4044,4161,4224
PH136,7498,7566,7561,7522,7559,7365,7326,16550,16546,16541,16543,16538,16546,16550,16531,16533,16529,16524,16530,16536,16548,16543,16508,16495,16507,16512,16509,16498,16499,16569,16571,16551,16565,11358,11847,11851,11851,12474,10198,8396,4356,4356,4356,4356,4389,4275,4395,4077,4086,4090,4085,4275,4165,4003,3999,4003,4428,4430,4437,4438,4438,4433,4061,4242,4242,4373,4384,4475,4475,4189,4189,4294,3893,3893,3893,3892,3891,3895,3895,3880,3850,3850,3850,3850,3850,3850,3850,3850,3850,3850,3850,3850,3850,3851,3829,3831,3836,4076,4076,4076,4076,4071,4157,4162,4044,4161,4224
PH31,7508,7581,7576,7538,7570,7381,7344,16552,16548,16547,16546,16545,16551,16552,16547,16547,16545,16538,16545,16550,16550,16546,16512,16497,16509,16519,16519,16513,16510,16552,16551,16578,16577,11373,11845,11867,11868,12487,10218,8417,4374,4374,4374,4374,4407,4293,4413,4095,4104,4108,4103,4288,4183,4021,4017,4021,4445,4447,4454,4455,4455,4450,4080,4261,4261,4391,4402,4493,4493,4208,4208,4313,3911,3911,3911,3910,3909,3913,3913,3898,3868,3868,3868,3868,3868,3868,3868,3868,3868,3868,3868,3868,3868,3869,3847,3849,3854,4095,4095,4095,4095,4090,4175,4180,4062,4179,4243
PH36,7514,7587,7584,7541,7574,7385,7348,16567,16564,16563,16562,16559,16566,16567,16566,16575,16557,16549,16555,16562,16566,16560,16526,16512,16524,16553,16552,16534,16520,16566,16565,16577,16611,11378,11852,11883,11871,12509,10226,8420,4374,4376,4374,4374,4409,4295,4414,4095,4105,4109,4106,4289,4184,4022,4019,4021,4447,4452,4456,4456,4458,4451,4080,4261,4261,4392,4405,4495,4495,4208,4209,4313,3912,3912,3911,3911,3909,3913,3915,3898,3869,3869,3869,3869,3869,3869,3869,3870,3871,3870,3869,3869,3870,3870,3847,3849,3854,4095,4094,4094,4096,4089,4176,4180,4062,4179,4242
PH110,7478,7551,7547,7504,7537,7499,7732,11375,11377,11372,11373,11372,11380,11380,11364,11367,11367,11367,11366,11374,11385,11381,11333,11314,11333,11331,11334,11324,11326,11362,11358,11373,11378,16389,11260,11327,11326,11623,9562,8119,4369,4370,4369,4372,4419,4300,4411,4174,4180,4184,4180,4378,4174,4003,4003,4011,4496,4496,4513,4579,4580,4576,4112,4295,4295,4383,4391,4479,4476,4213,4211,4376,3932,3931,3930,3927,3925,3931,3929,3936,3912,3912,3912,3910,3912,3912,3911,3914,3911,3910,3911,3911,3910,3911,3894,3896,3910,4202,4201,4198,4199,4192,4197,4199,4082,4199,4256
PH122,7196,7253,7246,7213,7248,7107,7086,11849,11846,11848,11846,11842,11847,11851,11841,11844,11843,11845,11844,11848,11854,11850,11802,11788,11802,11808,11805,11797,11803,11848,11847,11845,11852,11260,16324,13224,13221,13482,10310,8031,3834,3834,3834,3834,3951,3838,3958,3611,3620,3624,3620,3824,3666,3502,3499,3505,3953,3955,3969,3982,3982,3978,3641,3776,3777,3915,3924,4031,4031,3667,3667,3821,3424,3424,3424,3423,3422,3425,3425,3417,3384,3384,3384,3384,3384,3384,3384,3384,3384,3384,3384,3384,3384,3385,3357,3360,3360,3622,3622,3622,3622,3617,3683,3686,3569,3686,3793
PH26,7483,7557,7553,7514,7546,7380,7526,11868,11866,11872,11870,11868,11869,11870,11879,11880,11874,11876,11873,11877,11875,11870,11821,11806,11822,11837,11837,11829,11827,11852,11851,11867,11883,11327,13224,16236,16211,13010,10231,8133,4511,4513,4511,4511,4589,4474,4601,4337,4346,4350,4348,4549,4341,4177,4175,4178,4571,4576,4588,4728,4730,4724,4250,4484,4484,4913,4915,4597,4596,4350,4351,4466,4071,4071,4070,4070,4068,4071,4073,4078,4035,4035,4035,4035,4035,4035,4035,4036,4037,4036,4035,4035,4036,4036,4022,4025,4028,4303,4302,4302,4304,4296,4360,4362,4245,4362,4399
PH27,7481,7555,7550,7514,7546,7375,7525,11868,11868,11874,11872,11868,11869,11873,11869,11869,11869,11869,11871,11869,11877,11873,11823,11806,11825,11827,11827,11820,11826,11855,11851,11868,11871,11326,13221,16211,16221,13002,10226,8135,4511,4511,4511,4514,4591,4474,4604,4341,4347,4351,4347,4553,4342,4175,4172,4180,4571,4570,4588,4727,4727,4723,4253,4482,4482,4914,4911,4596,4592,4354,4351,4467,4073,4073,4073,4069,4068,4074,4071,4080,4038,4038,4038,4036,4038,4038,4036,4038,4036,4036,4036,4036,4036,4037,4022,4025,4028,4305,4305,4302,4302,4296,4360,4363,4246,4363,4400
PH33,7672,7744,7740,7697,7731,7529,7537,12491,12490,12489,12486,12482,12490,12493,12490,12497,12487,12483,12483,12494,12498,12494,12444,12430,12446,12468,12463,12450,12446,12475,12474,12487,12509,11623,13482,13010,13002,16691,10604,8450,4420,4422,4420,4420,4525,4410,4528,4172,4182,4186,4184,4379,4233,4067,4067,4070,4539,4544,4553,4573,4576,4572,4226,4388,4389,4469,4480,4560,4560,4224,4225,4374,3973,3973,3972,3972,3970,3973,3975,3964,3944,3944,3944,3944,3944,3944,3944,3945,3946,3945,3944,3944,3945,3945,3924,3927,3931,4188,4187,4187,4189,4182,4276,4278,4161,4278,4412
PH8,8178,8247,8244,8204,8238,8142,7972,10216,10215,10223,10219,10218,10218,10218,10225,10226,10223,10223,10223,10221,10224,10220,10173,10155,10171,10179,10179,10176,10173,10199,10198,10218,10226,9562,10310,10231,10226,10604,17702,9810,4519,4520,4519,4519,4536,4421,4546,4348,4357,4361,4358,4539,4404,4231,4234,4239,4666,4669,4682,4640,4641,4637,4313,4489,4490,4620,4630,4770,4769,4393,4396,4533,4170,4170,4169,4170,4168,4169,4170,4173,4123,4123,4123,4123,4123,4123,4123,4124,4124,4123,4123,4123,4123,4124,4099,4101,4109,4311,4310,4311,4311,4305,4380,4382,4265,4382,4452
PH49,6576,6646,6643,6602,6634,6656,6458,8413,8417,8422,8418,8417,8418,8418,8417,8418,8419,8414,8419,8413,8422,8419,8371,8352,8370,8373,8376,8368,8367,8399,8396,8417,8420,8119,8031,8133,8135,8450,9810,14128,4755,4756,4755,4758,4862,4744,4857,4564,4571,4575,4571,4771,4687,4508,4519,4528,4899,4899,4903,4895,4896,4889,4568,4800,4801,4835,4841,4907,4901,4641,4641,4862,4352,4352,4351,4348,4346,4351,4349,4338,4274,4275,4274,4272,4274,4274,4273,4276,4274,4272,4273,4273,4273,4273,4276,4278,4286,4639,4638,4635,4636,4630,4632,4634,4517,4634,4669
PH108,4624,4695,4691,4654,4686,4710,4592,4372,4372,4373,4373,4373,4374,4374,4373,4373,4373,4373,4373,4374,4379,4377,4327,4312,4327,4327,4327,4327,4327,4356,4356,4374,4374,4369,3834,4511,4511,4420,4519,4755,8790,8779,8781,8781,5170,5055,5130,4754,4763,4767,4762,4956,4966,4793,4798,4805,4926,4927,4926,5087,5088,5083,4843,5007,5007,5053,5058,4964,4964,5003,5003,5326,4648,4648,4648,4647,4646,4648,4648,4639,4584,4584,4584,4584,4584,4584,4585,4584,4583,4584,4584,4584,4584,4585,4638,4639,4648,5035,5035,5035,5034,5029,5018,5023,4906,5023,5002
PH7,4623,4694,4690,4652,4684,4709,4593,4372,4373,4374,4374,4373,4374,4374,4375,4375,4375,4373,4373,4375,4380,4377,4328,4312,4327,4329,4329,4329,4327,4356,4356,4374,4376,4370,3834,4513,4511,4422,4520,4756,8779,8792,8783,8779,5170,5054,5129,4754,4763,4767,4764,4956,4967,4794,4800,4805,4924,4927,4924,5085,5088,5081,4842,5005,5005,5053,5059,4965,4965,5001,5002,5325,4648,4648,4647,4647,4645,4647,4649,4638,4583,4583,4583,4583,4583,4583,4584,4584,4585,4584,4583,4583,4584,4584,4637,4639,4647,5034,5033,5033,5035,5027,5018,5022,4905,5022,5000
PH22,4624,4695,4691,4654,4686,4710,4592,4372,4372,4373,4373,4373,4374,4374,4373,4373,4373,4373,4373,4374,4379,4377,4327,4312,4327,4327,4327,4327,4327,4356,4356,4374,4374,4369,3834,4511,4511,4420,4519,4755,8781,8783,8788,8781,5170,5055,5130,4754,4763,4767,4762,4956,4966,4793,4798,4805,4926,4927,4926,5087,5088,5083,4843,5007,5007,5053,5058,4964,4964,5003,5003,5326,4648,4648,4648,4647,4646,4648,4648,4639,4584,4584,4584,4584,4584,4584,4585,4584,4583,4584,4584,4584,4584,4585,4638,4639,4648,5035,5035,5035,5034,5029,5018,5023,4906,5023,5002
PH128,4624,4695,4691,4654,4686,4710,4592,4372,4375,4376,4376,4376,4377,4377,4373,4373,4373,4373,4373,4374,4382,4380,4330,4312,4330,4327,4330,4327,4327,4359,4356,4374,4374,4372,3834,4511,4514,4420,4519,4758,8781,8779,8781,8787,5173,5055,5133,4757,4763,4767,4762,4959,4969,4793,4798,4808,4929,4927,4929,5087,5088,5083,4846,5007,5007,5056,5058,4967,4964,5006,5003,5329,4651,4651,4651,4647,4646,4651,4648,4641,4586,4586,4586,4584,4586,4586,4585,4586,4583,4584,4584,4584,4584,4585,4638,4639,4648,5038,5038,5035,5034,5029,5018,5023,4906,5023,5002
PH132,4592,4660,4656,4617,4649,4548,4612,4407,4411,4411,4411,4410,4412,4412,4408,4409,4408,4407,4407,4408,4416,4414,4364,4346,4363,4362,4365,4361,4360,4392,4389,4407,4409,4419,3951,4589,4591,4525,4536,4862,5170,5170,5170,5173,8558,8430,8168,4774,4780,4784,4779,5012,4919,4793,4779,4783,5027,5025,5027,4987,4988,4986,4772,5253,5253,5307,5315,5037,5031,5140,5136,5119,4689,4689,4685,4682,4680,4688,4683,4661,4606,4606,4606,4605,4604,4606,4604,4607,4605,4604,4601,4601,4605,4605,4623,4629,4654,4911,4911,4904,4908,4898,4922,4926,4809,4926,4946
PH3,4473,4541,4537,4498,4531,4432,4492,4292,4292,4292,4292,4292,4294,4294,4292,4294,4292,4292,4292,4293,4298,4297,4253,4241,4253,4255,4255,4253,4253,4275,4275,4293,4295,4300,3838,4474,4474,4410,4421,4744,5055,5054,5055,5055,8430,8443,8045,4656,4666,4670,4664,4895,4797,4676,4659,4665,4909,4909,4909,4872,4872,4871,4671,5137,5137,5190,5201,4915,4915,5021,5019,5000,4567,4567,4567,4566,4565,4567,4567,4541,4487,4487,4487,4487,4487,4487,4487,4487,4487,4487,4487,4487,4488,4488,4508,4511,4536,4787,4787,4787,4787,4781,4805,4810,4693,4810,4831
PH99,4600,4668,4664,4627,4658,4582,4645,4412,4415,4415,4415,4415,4417,4417,4412,4413,4412,4412,4412,4413,4421,4420,4370,4352,4369,4367,4370,4366,4366,4398,4395,4413,4414,4411,3958,4601,4604,4528,4546,4857,5130,5129,5130,5133,8168,8045,8605,4756,4762,4766,4760,4994,4924,4797,4783,4789,4970,4967,4971,4973,4973,4970,4748,5268,5268,5347,5354,4975,4969,5099,5095,5108,4688,4688,4685,4681,4680,4688,4682,4666,4664,4664,4664,4662,4661,4664,4662,4664,4662,4662,4659,4659,4663,4663,4636,4642,4667,4900,4900,4894,4897,4888,4904,4909,4792,4909,4928
PH100,4789,4861,4856,4818,4848,4796,5331,4093,4096,4097,4097,4097,4098,4098,4094,4094,4094,4094,4094,4095,4103,4101,4051,4033,4051,4048,4051,4048,4048,4080,4077,4095,4095,4174,3611,4337,4341,4172,4348,4564,4754,4754,4754,4757,4774,4656,4756,9131,9113,9119,9118,7778,5548,5422,5549,5560,4820,4817,4817,5961,5962,5956,4891,4846,4846,4855,4862,4723,4720,4806,4803,4859,4353,4353,4353,4349,4348,4353,4350,4345,4383,4383,4383,4381,4383,4383,4381,4383,4381,4381,4381,4381,4382,4382,4383,4385,4405,4665,4665,4663,4662,4656,4676,4681,4564,4681,4610
PH21,4799,4871,4866,4827,4858,4805,5337,4102,4102,4103,4103,4103,4104,4104,4103,4104,4103,4105,4103,4104,4109,4107,4057,4042,4057,4058,4058,4057,4059,4086,4086,4104,4105,4180,3620,4346,4347,4182,4357,4571,4763,4763,4763,4763,4780,4666,4762,9113,9144,9140,9136,7784,5552,5429,5556,5566,4826,4826,4823,5966,5967,5961,4900,4856,4856,4863,4871,4729,4729,4813,4813,4866,4359,4359,4359,4358,4357,4359,4359,4352,4391,4393,4391,4393,4391,4391,4391,4391,4391,4391,4393,4393,4392,4392,4392,4394,4414,4671,4671,4672,4671,4667,4685,4690,4575,4692,4620
PH4,4805,4877,4872,4833,4864,4809,5345,4106,4106,4107,4107,4107,4108,4108,4107,4108,4107,4109,4107,4108,4113,4111,4061,4046,4061,4062,4062,4061,4063,4090,4090,4108,4109,4184,3624,4350,4351,4186,4361,4575,4767,4767,4767,4767,4784,4670,4766,9119,9140,9157,9143,7793,5556,5431,5556,5567,4830,4830,4827,5974,5976,5969,4904,4860,4860,4867,4875,4733,4733,4817,4817,4870,4363,4363,4363,4362,4361,4363,4363,4356,4395,4397,4395,4397,4395,4395,4395,4395,4395,4395,4397,4397,4396,4396,4396,4398,4418,4675,4675,4676,4676,4671,4689,4694,4579,4696,4624
PH56,4805,4877,4872,4832,4863,4809,5346,4101,4102,4103,4103,4102,4103,4103,4104,4105,4104,4102,4102,4104,4109,4106,4057,4041,4056,4059,4059,4058,4056,4085,4085,4103,4106,4180,3620,4348,4347,4184,4358,4571,4762,4764,4762,4762,4779,4664,4760,9118,9136,9143,9154,7785,5552,5429,5558,5563,4824,4826,4821,5971,5975,5966,4896,4855,4855,4860,4871,4729,4729,4815,4816,4864,4360,4360,4359,4359,4357,4359,4361,4352,4393,4393,4393,4393,4393,4393,4393,4394,4395,4394,4393,4393,4395,4394,4394,4396,4416,4670,4669,4670,4672,4663,4688,4692,4575,4692,4620
PH50,5010,5077,5072,5033,5069,5134,5351,4286,4289,4290,4290,4290,4291,4291,4287,4288,4287,4289,4287,4288,4294,4294,4244,4226,4244,4242,4245,4241,4243,4278,4275,4288,4289,4378,3824,4549,4553,4379,4539,4771,4956,4956,4956,4959,5012,4895,4994,7778,7784,7793,7785,9540,5291,4998,5123,5134,5073,5070,5067,6013,6014,6009,5270,5038,5038,5066,5071,4924,4921,4919,4916,5005,4563,4563,4563,4559,4559,4563,4560,4540,4548,4550,4548,4548,4548,4548,4546,4548,4546,4546,4548,4548,4547,4547,4554,4556,4574,4873,4873,4871,4871,4865,4921,4926,4811,4928,4865
PH138,4481,4552,4548,4511,4541,4454,4415,4182,4186,4186,4186,4185,4187,4187,4183,4183,4183,4182,4182,4183,4192,4188,4140,4122,4139,4137,4140,4137,4137,4168,4165,4183,4184,4174,3666,4341,4342,4233,4404,4687,4966,4967,4966,4969,4919,4797,4924,5548,5552,5556,5552,5291,8326,7852,7981,7982,4994,4993,4996,5501,5502,5496,4828,5133,5133,4978,4985,4995,4987,5312,5310,5049,4600,4600,4596,4593,4591,4599,4594,4577,4547,4547,4547,4545,4544,4547,4545,4548,4546,4545,4542,4542,4545,4546,4556,4561,4565,4829,4828,4823,4826,4816,4915,4919,4802,4919,4905
PH18,4323,4390,4386,4348,4379,4283,4255,4020,4021,4022,4022,4021,4022,4022,4022,4022,4022,4021,4021,4022,4025,4022,3975,3959,3974,3975,3975,3975,3975,4003,4003,4021,4022,4003,3502,4177,4175,4067,4231,4508,4793,4794,4793,4793,4793,4676,4797,5422,5429,5431,5429,4998,7852,8057,7980,7898,4812,4814,4814,5328,5329,5319,4648,4968,4968,4800,4810,4845,4843,5156,5157,4876,4421,4421,4420,4420,4418,4421,4422,4400,4372,4372,4372,4373,4373,4372,4372,4373,4373,4372,4372,4372,4372,4373,4383,4385,4389,4647,4647,4647,4647,4640,4805,4810,4693,4810,4810
PH35,4312,4379,4375,4337,4368,4284,4247,4016,4017,4018,4018,4017,4018,4018,4019,4019,4019,4017,4017,4019,4021,4018,3971,3955,3970,3972,3972,3972,3971,3999,3999,4017,4019,4003,3499,4175,4172,4067,4234,4519,4798,4800,4798,4798,4779,4659,4783,5549,5556,5556,5558,5123,7981,7980,8117,8027,4823,4826,4825,5335,5337,5326,4659,4963,4963,4807,4817,4856,4851,5144,5145,4877,4427,4427,4423,4423,4421,4427,4426,4405,4375,4375,4375,4376,4373,4375,4375,4376,4377,4376,4372,4372,4376,4376,4386,4391,4395,4657,4657,4654,4658,4647,4745,4750,4633,4750,4735
PH23,4313,4380,4376,4339,4370,4291,4248,4019,4022,4023,4023,4023,4024,4024,4020,4020,4020,4022,4020,4021,4029,4027,3977,3959,3977,3974,3977,3974,3977,4006,4003,4021,4021,4011,3505,4178,4180,4070,4239,4528,4805,4805,4805,4808,4783,4665,4789,5560,5566,5567,5563,5134,7982,7898,8027,8115,4830,4828,4832,5338,5338,5329,4666,4970,4970,4818,4821,4859,4856,5149,5146,4885,4432,4432,4432,4428,4427,4432,4429,4410,4380,4382,4380,4380,4380,4380,4378,4380,4378,4378,4380,4380,4378,4379,4392,4394,4398,4661,4661,4659,4658,4654,4750,4755,4640,4757,4743
PH104,5537,5608,5602,5566,5597,6242,5548,4444,4447,4448,4448,4448,4449,4449,4447,4446,4446,4447,4447,4448,4454,4452,4403,4384,4402,4400,4403,4400,4401,4431,4428,4445,4447,4496,3953,4571,4571,4539,4666,4899,4926,4924,4926,4929,5027,4909,4970,4820,4826,4830,4824,5073,4994,4812,4823,4830,10508,10494,10346,5116,5117,5112,4927,5210,5210,5034,5040,5439,5432,5252,5250,5210,4722,4722,4722,4718,4717,4722,4719,4761,4737,4737,4737,4735,4737,4737,4735,4737,4734,4735,4735,4735,4735,4736,4751,4752,4774,5021,5021,5018,5017,5012,5064,5068,4952,5069,5003
PH1,5536,5607,5603,5564,5595,6241,5551,4446,4447,4448,4448,4447,4448,4448,4452,4451,4450,4449,4449,4451,4454,4451,4403,4386,4401,4405,4405,4405,4403,4430,4430,4447,4452,4496,3955,4576,4570,4544,4669,4899,4927,4927,4927,4927,5025,4909,4967,4817,4826,4830,4826,5070,4993,4814,4826,4828,10494,10515,10344,5116,5119,5112,4924,5210,5210,5031,5042,5436,5432,5250,5251,5207,4720,4720,4719,4719,4717,4719,4721,4759,4736,4736,4736,4736,4736,4736,4736,4737,4737,4737,4736,4736,4737,4737,4752,4753,4775,5019,5018,5018,5019,5012,5064,5067,4951,5068,5002
PH112,5541,5612,5607,5570,5601,6250,5563,4453,4456,4457,4457,4457,4458,4458,4456,4455,4455,4456,4456,4457,4463,4461,4412,4393,4411,4409,4412,4409,4410,4440,4437,4454,4456,4513,3969,4588,4588,4553,4682,4903,4926,4924,4926,4929,5027,4909,4971,4817,4823,4827,4821,5067,4996,4814,4825,4832,10346,10344,10535,5095,5096,5091,4918,5216,5216,5026,5032,5428,5421,5237,5234,5191,4707,4707,4707,4703,4702,4707,4704,4744,4724,4724,4724,4722,4724,4724,4722,4724,4721,4722,4722,4722,4722,4723,4737,4738,4761,4996,4996,4993,4992,4987,5054,5058,4942,5059,4993
PH129,5084,5156,5153,5113,5142,5263,5539,4454,4454,4455,4455,4455,4456,4456,4454,4455,4455,4455,4455,4456,4461,4458,4410,4394,4409,4410,4409,4408,4410,4438,4438,4455,4456,4579,3982,4728,4727,4573,4640,4895,5087,5085,5087,5087,4987,4872,4973,5961,5966,5974,5971,6013,5501,5328,5335,5338,5116,5116,5095,9778,9758,9743,4783,5151,5151,5076,5084,4974,4972,4949,4949,5062,4701,4701,4701,4700,4699,4701,4701,4683,4657,4657,4657,4657,4657,4657,4657,4657,4656,4657,4657,4657,4657,4659,4687,4688,4702,4843,4843,4843,4842,4836,4989,4994,4877,4994,4924
PH58,5085,5157,5154,5113,5142,5263,5541,4454,4455,4456,4456,4455,4456,4456,4456,4457,4457,4455,4455,4457,4462,4458,4411,4394,4409,4412,4411,4410,4410,4438,4438,4455,4458,4580,3982,4730,4727,4576,4641,4896,5088,5088,5088,5088,4988,4872,4973,5962,5967,5976,5975,6014,5502,5329,5337,5338,5117,5119,5096,9758,9793,9739,4784,5153,5153,5077,5087,4976,4974,4950,4951,5061,4702,4702,4701,4701,4699,4701,4703,4683,4657,4657,4657,4657,4657,4657,4657,4658,4659,4658,4657,4657,4658,4659,4687,4689,4702,4843,4842,4842,4844,4836,4991,4995,4878,4995,4925
PH145,5079,5151,5148,5109,5137,5259,5535,4450,4450,4450,4450,4450,4452,4452,4449,4450,4450,4450,4450,4451,4456,4453,4405,4390,4404,4405,4404,4403,4405,4433,4433,4450,4451,4576,3978,4724,4723,4572,4637,4889,5083,5081,5083,5083,4986,4871,4970,5956,5961,5969,5966,6009,5496,5319,5326,5329,5112,5112,5091,9743,9739,9812,4776,5146,5146,5069,5077,4972,4970,4945,4945,5059,4696,4696,4696,4695,4694,4696,4696,4679,4653,4653,4653,4653,4653,4653,4653,4653,4652,4653,4653,4653,4653,4655,4683,4684,4698,4842,4842,4842,4841,4835,4987,4992,4875,4992,4922
PH121,4588,4660,4655,4617,4651,4943,4395,4077,4080,4081,4081,4081,4082,4082,4079,4080,4078,4081,4082,4080,4087,4084,4035,4017,4035,4033,4036,4032,4035,4064,4061,4080,4080,4112,3641,4250,4253,4226,4313,4568,4843,4842,4843,4846,4772,4671,4748,4891,4900,4904,4896,5270,4828,4648,4659,4666,4927,4924,4918,4783,4784,4776,9245,4988,4990,4986,4989,4848,4837,4915,4913,4992,4609,4609,4606,4602,4601,4609,4603,4614,4582,4584,4582,4582,4579,4582,4580,4582,4580,4580,4579,4579,4581,4580,4605,4610,4616,4806,4806,4799,4802,4797,4892,4896,4781,4898,5472
PH137,4612,4683,4679,4643,4675,4580,4566,4259,4259,4259,4259,4259,4261,4261,4260,4259,4259,4260,4260,4260,4265,4262,4214,4199,4213,4214,4214,4212,4215,4242,4242,4261,4261,4295,3776,4484,4482,4388,4489,4800,5007,5005,5007,5007,5253,5137,5268,4846,4856,4860,4855,5038,5133,4968,4963,4970,5210,5210,5216,5151,5153,5146,4988,8767,8753,5766,5775,5100,5100,5309,5309,5416,4800,4800,4800,4799,4798,4800,4800,4775,4764,4764,4764,4764,4764,4764,4764,4764,4763,4764,4764,4764,4764,4765,4770,4772,4790,4959,4959,4959,4958,4953,5038,5043,4926,5043,5082
PH13,4611,4682,4678,4642,4676,4582,4566,4259,4259,4259,4259,4259,4261,4261,4260,4259,4259,4260,4262,4260,4265,4262,4214,4199,4213,4214,4214,4212,4215,4242,4242,4261,4261,4295,3777,4484,4482,4389,4490,4801,5007,5005,5007,5007,5253,5137,5268,4846,4856,4860,4855,5038,5133,4968,4963,4970,5210,5210,5216,5151,5153,5146,4990,8753,8770,5768,5775,5100,5100,5309,5309,5416,4800,4800,4800,4799,4798,4800,4800,4775,4764,4764,4764,4764,4764,4764,4764,4764,4763,4764,4764,4764,4764,4765,4770,4772,4790,4959,4959,4959,4958,4955,5039,5043,4926,5043,5084
PH15,4681,4752,4748,4710,4744,4631,4625,4390,4394,4393,4393,4393,4395,4395,4390,4392,4390,4393,4394,4392,4399,4397,4348,4330,4347,4345,4348,4343,4347,4376,4373,4391,4392,4383,3915,4913,4914,4469,4620,4835,5053,5053,5053,5056,5307,5190,5347,4855,4863,4867,4860,5066,4978,4800,4807,4818,5034,5031,5026,5076,5077,5069,4986,5766,5768,9054,9028,5051,5049,5160,5158,5211,4661,4661,4661,4657,4656,4661,4658,4640,4606,4608,4606,4606,4606,4606,4604,4606,4604,4604,4606,4606,4604,4605,4612,4615,4642,4922,4922,4919,4919,4917,4961,4966,4851,4968,4960
PH9,4690,4761,4757,4718,4750,4637,4636,4401,4403,4402,4402,4401,4403,4403,4403,4405,4402,4402,4403,4403,4407,4404,4357,4341,4355,4358,4358,4356,4356,4384,4384,4402,4405,4391,3924,4915,4911,4480,4630,4841,5058,5059,5058,5058,5315,5201,5354,4862,4871,4875,4871,5071,4985,4810,4817,4821,5040,5042,5032,5084,5087,5077,4989,5775,5775,9028,9056,5059,5060,5166,5168,5216,4669,4669,4668,4668,4666,4668,4669,4648,4614,4614,4614,4614,4614,4614,4614,4615,4616,4614,4614,4614,4614,4615,4622,4626,4652,4930,4929,4929,4930,4924,4973,4977,4860,4977,4966
PH115,5918,5986,5980,5939,5975,6811,5713,4491,4495,4496,4496,4495,4496,4496,4494,4494,4494,4493,4493,4494,4502,4499,4451,4431,4449,4448,4451,4448,4447,4478,4475,4493,4495,4479,4031,4597,4596,4560,4770,4907,4964,4965,4964,4967,5037,4915,4975,4723,4729,4733,4729,4924,4995,4845,4856,4859,5439,5436,5428,4974,4976,4972,4848,5100,5100,5051,5059,11269,11255,5568,5568,5109,5765,5765,5761,5758,5756,5764,5759,5489,4780,4780,4780,4778,4777,4780,4778,4782,4779,4778,4775,4775,4778,4780,4765,4771,4780,4887,4886,4881,4884,4875,4952,4955,4838,4955,4932
PH11,5914,5982,5976,5935,5971,6803,5707,4491,4492,4493,4493,4492,4493,4493,4494,4494,4494,4493,4493,4494,4499,4496,4448,4431,4446,4448,4448,4448,4447,4475,4475,4493,4495,4476,4031,4596,4592,4560,4769,4901,4964,4965,4964,4964,5031,4915,4969,4720,4729,4733,4729,4921,4987,4843,4851,4856,5432,5432,5421,4972,4974,4970,4837,5100,5100,5049,5060,11255,11258,5561,5564,5105,5760,5760,5759,5759,5757,5759,5760,5485,4776,4776,4776,4776,4776,4776,4776,4778,4777,4776,4776,4776,4776,4778,4766,4769,4778,4882,4881,4882,4882,4876,4953,4956,4839,4956,4932
PH116,4526,4597,4593,4553,4586,4483,4623,4206,4209,4209,4209,4209,4211,4211,4207,4208,4206,4207,4208,4208,4215,4213,4164,4146,4163,4161,4164,4160,4162,4192,4189,4208,4208,4213,3667,4350,4354,4224,4393,4641,5003,5001,5003,5006,5140,5021,5099,4806,4813,4817,4815,4919,5312,5156,5144,5149,5252,5250,5237,4949,4950,4945,4915,5309,5309,5160,5166,5568,5561,8487,8464,5614,4833,4833,4833,4829,4828,4833,4830,4796,4783,4783,4783,4781,4783,4783,4781,4783,4780,4781,4781,4781,4781,4782,4788,4790,4785,4950,4950,4947,4946,4941,5033,5038,4921,5038,4989
PH140,4523,4594,4590,4551,4582,4483,4623,4206,4207,4207,4207,4206,4208,4208,4208,4209,4207,4207,4208,4208,4213,4210,4162,4146,4160,4162,4162,4161,4162,4189,4189,4208,4209,4211,3667,4351,4351,4225,4396,4641,5003,5002,5003,5003,5136,5019,5095,4803,4813,4817,4816,4916,5310,5157,5145,5146,5250,5251,5234,4949,4951,4945,4913,5309,5309,5158,5168,5568,5564,8464,8488,5612,4832,4832,4831,4831,4829,4831,4832,4795,4780,4780,4780,4780,4780,4780,4780,4781,4780,4780,4780,4780,4780,4781,4788,4790,4785,4949,4948,4949,4948,4942,5035,5039,4922,5039,4990
PH24,4579,4650,4645,4609,4640,4572,4597,4311,4314,4314,4314,4314,4316,4316,4312,4312,4311,4312,4312,4313,4320,4319,4268,4251,4268,4266,4269,4265,4267,4297,4294,4313,4313,4376,3821,4466,4467,4374,4533,4862,5326,5325,5326,5329,5119,5000,5108,4859,4866,4870,4864,5005,5049,4876,4877,4885,5210,5207,5191,5062,5061,5059,4992,5416,5416,5211,5216,5109,5105,5614,5612,8874,4793,4793,4793,4789,4788,4793,4790,4757,4711,4711,4711,4709,4711,4711,4709,4711,4708,4709,4708,4708,4710,4710,4727,4727,4745,5568,5568,5565,5564,5559,5091,5096,4979,5096,5015
PH101,4502,4573,4568,4532,4563,4701,4356,3910,3914,3914,3914,3913,3915,3915,3911,3911,3911,3910,3910,3911,3920,3917,3869,3850,3867,3865,3868,3865,3864,3896,3893,3911,3912,3932,3424,4071,4073,3973,4170,4352,4648,4648,4648,4651,4689,4567,4688,4353,4359,4363,4360,4563,4600,4421,4427,4432,4722,4720,4707,4701,4702,4696,4609,4800,4800,4661,4669,5765,5760,4833,4832,4793,7937,7928,7925,7922,7920,7927,7922,7640,6612,6613,6613,6611,6610,6613,6611,6614,6611,6611,6607,6607,6611,6613,6889,6896,6767,5004,5003,4997,5000,4991,4749,4753,4636,4753,4773
PH107,4502,4573,4568,4532,4563,4700,4356,3910,3914,3914,3914,3913,3915,3915,3911,3911,3911,3910,3910,3911,3920,3917,3869,3850,3867,3865,3868,3865,3864,3896,3893,3911,3912,3931,3424,4071,4073,3973,4170,4352,4648,4648,4648,4651,4689,4567,4688,4353,4359,4363,4360,4563,4600,4421,4427,4432,4722,4720,4707,4701,4702,4696,4609,4800,4800,4661,4669,5765,5760,4833,4832,4793,7928,7936,7926,7921,7919,7926,7921,7639,6612,6612,6612,6610,6609,6612,6610,6613,6610,6610,6606,6606,6610,6612,6888,6895,6766,5004,5003,4997,5000,4991,4749,4753,4636,4753,4773
PH43,4499,4570,4565,4530,4561,4698,4353,3910,3913,3913,3913,3913,3915,3915,3910,3910,3910,3910,3910,3911,3919,3917,3868,3850,3867,3864,3867,3864,3864,3896,3893,3911,3911,3930,3424,4070,4073,3972,4169,4351,4648,4647,4648,4651,4685,4567,4685,4353,4359,4363,4359,4563,4596,4420,4423,4432,4722,4719,4707,4701,4701,4696,4606,4800,4800,4661,4668,5761,5759,4833,4831,4793,7925,7926,7935,7921,7920,7924,7921,7637,6609,6610,6610,6608,6610,6610,6608,6610,6607,6608,6607,6607,6608,6610,6889,6893,6764,5000,5000,4997,4996,4991,4748,4753,4636,4753,4773
PH42,4499,4570,4565,4529,4560,4697,4353,3909,3910,3910,3910,3909,3911,3911,3910,3910,3910,3909,3909,3910,3916,3913,3865,3849,3863,3864,3864,3864,3863,3892,3892,3910,3911,3927,3423,4070,4069,3972,4170,4348,4647,4647,4647,4647,4682,4566,4681,4349,4358,4362,4359,4559,4593,4420,4423,4428,4718,4719,4703,4700,4701,4695,4602,4799,4799,4657,4668,5758,5759,4829,4831,4789,7922,7921,7921,7931,7924,7920,7921,7634,6606,6607,6607,6607,6607,6607,6607,6608,6607,6607,6606,6606,6607,6609,6888,6892,6763,4997,4996,4996,4996,4990,4748,4752,4635,4752,4772
PH60,4497,4568,4563,4528,4559,4696,4351,3908,3908,3908,3908,3908,3910,3910,3908,3908,3908,3908,3908,3909,3914,3912,3863,3848,3862,3862,3862,3862,3862,3891,3891,3909,3909,3925,3422,4068,4068,3970,4168,4346,4646,4645,4646,4646,4680,4565,4680,4348,4357,4361,4357,4559,4591,4418,4421,4427,4717,4717,4702,4699,4699,4694,4601,4798,4798,4656,4666,5756,5757,4828,4829,4788,7920,7919,7920,7924,7934,7919,7919,7633,6605,6606,6606,6606,6606,6606,6606,6606,6605,6606,6605,6605,6606,6608,6887,6891,6762,4995,4995,4995,4994,4989,4746,4752,4634,4751,4771
PH16,4502,4573,4568,4533,4564,4703,4358,3912,3915,3915,3915,3915,3917,3917,3912,3912,3912,3912,3912,3913,3920,3918,3870,3852,3869,3866,3869,3866,3866,3898,3895,3913,3913,3931,3425,4071,4074,3973,4169,4351,4648,4647,4648,4651,4688,4567,4688,4353,4359,4363,4359,4563,4599,4421,4427,4432,4722,4719,4707,4701,4701,4696,4609,4800,4800,4661,4668,5764,5759,4833,4831,4793,7927,7926,7924,7920,7919,7946,7940,7640,6612,6613,6613,6611,6610,6613,6611,6613,6610,6611,6607,6607,6611,6613,6889,6896,6767,5003,5003,4997,4999,4991,4748,4754,4637,4754,4773
PH57,4501,4572,4567,4531,4562,4701,4358,3912,3913,3913,3913,3912,3914,3914,3914,3914,3914,3912,3912,3914,3918,3915,3868,3852,3866,3868,3868,3868,3866,3895,3895,3913,3915,3929,3425,4073,4071,3975,4170,4349,4648,4649,4648,4648,4683,4567,4682,4350,4359,4363,4361,4560,4594,4422,4426,4429,4719,4721,4704,4701,4703,4696,4603,4800,4800,4658,4669,5759,5760,4830,4832,4790,7922,7921,7921,7921,7919,7940,7945,7635,6607,6608,6608,6608,6608,6608,6608,6609,6609,6609,6607,6607,6609,6610,6889,6893,6764,4998,4997,4997,4998,4991,4749,4754,4637,4754,4773
PH118,4586,4657,4653,4617,4649,4835,4425,3897,3899,3899,3899,3899,3901,3901,3897,3897,3897,3897,3897,3898,3905,3903,3854,3837,3853,3851,3853,3851,3851,3882,3880,3898,3898,3936,3417,4078,4080,3964,4173,4338,4639,4638,4639,4641,4661,4541,4666,4345,4352,4356,4352,4540,4577,4400,4405,4410,4761,4759,4744,4683,4683,4679,4614,4775,4775,4640,4648,5489,5485,4796,4795,4757,7640,7639,7637,7634,7633,7640,7635,8269,7192,7193,7193,7191,7190,7193,7191,7193,7191,7191,7187,7187,7192,7193,7476,7484,7354,5198,5198,5193,5195,5187,4735,4740,4623,4740,4758
PH103,4461,4532,4528,4490,4523,4534,4325,3867,3869,3869,3869,3869,3871,3871,3867,3868,3867,3867,3867,3868,3875,3873,3824,3807,3823,3822,3824,3821,3821,3852,3850,3868,3869,3912,3384,4035,4038,3944,4123,4274,4584,4583,4584,4586,4606,4487,4664,4383,4391,4395,4393,4548,4547,4372,4375,4380,4737,4736,4724,4657,4657,4653,4582,4764,4764,4606,4614,4780,4776,4783,4780,4711,6612,6612,6609,6606,6605,6612,6607,7192,7958,7940,7938,7936,7935,7938,7935,7937,7932,7933,7929,7929,7933,7928,7465,7472,7357,5178,5178,5173,5175,5167,4714,4719,4602,4719,4732
PH28,4461,4532,4528,4490,4523,4536,4325,3867,3869,3869,3869,3869,3871,3871,3867,3868,3867,3869,3867,3868,3875,3873,3824,3807,3823,3822,3824,3821,3823,3852,3850,3868,3869,3912,3384,4035,4038,3944,4123,4275,4584,4583,4584,4586,4606,4487,4664,4383,4393,4397,4393,4550,4547,4372,4375,4382,4737,4736,4724,4657,4657,4653,4584,4764,4764,4608,4614,4780,4776,4783,4780,4711,6613,6612,6610,6607,6606,6613,6608,7193,7940,7957,7938,7938,7935,7938,7936,7938,7933,7934,7932,7932,7934,7929,7466,7473,7358,5178,5178,5173,5175,5169,4714,4719,4604,4721,4734
PH105,4460,4531,4527,4489,4522,4534,4325,3867,3869,3869,3869,3869,3871,3871,3867,3868,3867,3867,3867,3868,3875,3873,3824,3807,3823,3822,3824,3821,3821,3852,3850,3868,3869,3912,3384,4035,4038,3944,4123,4274,4584,4583,4584,4586,4606,4487,4664,4383,4391,4395,4393,4548,4547,4372,4375,4380,4737,4736,4724,4657,4657,4653,4582,4764,4764,4606,4614,4780,4776,4783,4780,4711,6613,6612,6610,6607,6606,6613,6608,7193,7938,7938,7963,7958,7957,7939,7936,7938,7933,7934,7930,7930,7934,7929,7466,7473,7358,5178,5178,5173,5175,5167,4714,4719,4602,4719,4732
PH61,4462,4533,4529,4491,4524,4537,4325,3868,3868,3868,3868,3868,3870,3870,3868,3869,3868,3870,3868,3869,3873,3871,3822,3807,3821,3822,3822,3821,3823,3850,3850,3868,3869,3910,3384,4035,4036,3944,4123,4272,4584,4583,4584,4584,4605,4487,4662,4381,4393,4397,4393,4548,4545,4373,4376,4380,4735,4736,4722,4657,4657,4653,4582,4764,4764,4606,4614,4778,4776,4781,4780,4709,6611,6610,6608,6607,6606,6611,6608,7191,7936,7938,7958,7969,7958,7937,7936,7936,7933,7934,7932,7932,7934,7929,7466,7473,7358,5176,5177,5173,5175,5169,4716,4721,4606,4723,4735
PH63,4459,4530,4526,4488,4521,4533,4323,3868,3870,3870,3870,3870,3872,3872,3868,3869,3868,3868,3868,3869,3875,3873,3824,3807,3823,3822,3824,3821,3821,3852,3850,3868,3869,3912,3384,4035,4038,3944,4123,4274,4584,4583,4584,4586,4604,4487,4661,4383,4391,4395,4393,4548,4544,4373,4373,4380,4737,4736,4724,4657,4657,4653,4579,4764,4764,4606,4614,4777,4776,4783,4780,4711,6610,6609,6610,6607,6606,6610,6608,7190,7935,7935,7957,7958,7970,7936,7933,7935,7930,7931,7930,7930,7931,7926,7466,7470,7355,5175,5176,5173,5172,5167,4715,4720,4603,4720,4732
PH109,4462,4533,4529,4491,4524,4534,4325,3867,3869,3869,3869,3869,3871,3871,3867,3868,3867,3867,3867,3868,3875,3873,3824,3807,3823,3822,3824,3821,3821,3852,3850,3868,3869,3912,3384,4035,4038,3944,4123,4274,4584,4583,4584,4586,4606,4487,4664,4383,4391,4395,4393,4548,4547,4372,4375,4380,4737,4736,4724,4657,4657,4653,4582,4764,4764,4606,4614,4780,4776,4783,4780,4711,6613,6612,6610,6607,6606,6613,6608,7193,7938,7938,7939,7937,7936,7958,7936,7938,7933,7934,7930,7930,7934,7929,7466,7473,7358,5178,5178,5173,5175,5167,4714,4719,4602,4719,4732
PH97,4460,4531,4527,4489,4522,4534,4325,3867,3867,3867,3867,3867,3869,3869,3867,3868,3867,3867,3867,3868,3873,3871,3822,3807,3821,3822,3822,3821,3821,3850,3850,3868,3869,3911,3384,4035,4036,3944,4123,4273,4585,4584,4585,4585,4604,4487,4662,4381,4391,4395,4393,4546,4545,4372,4375,4378,4735,4736,4722,4657,4657,4653,4580,4764,4764,4604,4614,4778,4776,4781,4780,4709,6611,6610,6608,6607,6606,6611,6608,7191,7935,7936,7936,7936,7933,7936,7951,7948,7933,7934,7931,7931,7934,7929,7466,7473,7359,5176,5176,5173,5175,5167,4714,4719,4602,4719,4732
PH141,4462,4533,4529,4490,4523,4535,4327,3867,3870,3870,3870,3869,3871,3871,3868,3869,3868,3867,3867,3868,3876,3873,3825,3807,3823,3823,3825,3822,3821,3852,3850,3868,3870,3914,3384,4036,4038,3945,4124,4276,4584,4584,4584,4586,4607,4487,4664,4383,4391,4395,4394,4548,4548,4373,4376,4380,4737,4737,4724,4657,4658,4653,4582,4764,4764,4606,4615,4782,4778,4783,4781,4711,6614,6613,6610,6608,6606,6613,6609,7193,7937,7938,7938,7936,7935,7938,7948,7969,7934,7934,7931,7931,7934,7929,7466,7473,7359,5179,5178,5173,5176,5167,4715,4719,4602,4719,4732
PH41,4460,4531,4528,4488,4522,4533,4327,3867,3868,3868,3868,3867,3869,3869,3869,3870,3869,3867,3867,3869,3874,3871,3823,3807,3821,3824,3824,3823,3821,3850,3850,3868,3871,3911,3384,4037,4036,3946,4124,4274,4583,4585,4583,4583,4605,4487,4662,4381,4391,4395,4395,4546,4546,4373,4377,4378,4734,4737,4721,4656,4659,4652,4580,4763,4763,4604,4616,4779,4777,4780,4780,4708,6611,6610,6607,6607,6605,6610,6609,7191,7932,7933,7933,7933,7930,7933,7933,7934,7956,7944,7929,7929,7935,7928,7465,7475,7357,5176,5175,5172,5177,5166,4714,4718,4601,4718,4731
PH46,4460,4531,4527,4489,4522,4534,4326,3867,3867,3867,3867,3867,3869,3869,3868,3869,3868,3867,3867,3869,3873,3871,3822,3807,3821,3823,3823,3822,3821,3850,3850,3868,3870,3910,3384,4036,4036,3945,4123,4272,4584,4584,4584,4584,4604,4487,4662,4381,4391,4395,4394,4546,4545,4372,4376,4378,4735,4737,4722,4657,4658,4653,4580,4764,4764,4604,4614,4778,4776,4781,4780,4709,6611,6610,6608,6607,6606,6611,6609,7191,7933,7934,7934,7934,7931,7934,7934,7934,7944,7955,7930,7930,7935,7929,7466,7473,7358,5176,5176,5173,5176,5167,4714,4719,4602,4719,4732
PH17,4459,4530,4526,4488,4521,4534,4324,3867,3867,3867,3867,3867,3869,3869,3867,3868,3867,3869,3867,3868,3873,3871,3822,3807,3821,3822,3822,3821,3823,3850,3850,3868,3869,3911,3384,4035,4036,3944,4123,4273,4584,4583,4584,4584,4601,4487,4659,4381,4393,4397,4393,4548,4542,4372,4372,4380,4735,4736,4722,4657,4657,4653,4579,4764,4764,4606,4614,4775,4776,4781,4780,4708,6607,6606,6607,6606,6605,6607,6607,7187,7929,7932,7930,7932,7930,7930,7931,7931,7929,7930,7957,7957,7938,7925,7465,7469,7355,5173,5173,5173,5172,5169,4714,4719,4604,4721,4734
PH30,4459,4530,4526,4488,4521,4534,4324,3867,3867,3867,3867,3867,3869,3869,3867,3868,3867,3869,3867,3868,3873,3871,3822,3807,3821,3822,3822,3821,3823,3850,3850,3868,3869,3911,3384,4035,4036,3944,4123,4273,4584,4583,4584,4584,4601,4487,4659,4381,4393,4397,4393,4548,4542,4372,4372,4380,4735,4736,4722,4657,4657,4653,4579,4764,4764,4606,4614,4775,4776,4781,4780,4708,6607,6606,6607,6606,6605,6607,6607,7187,7929,7932,7930,7932,7930,7930,7931,7931,7929,7930,7957,7958,7938,7925,7465,7469,7355,5173,5173,5173,5172,5169,4714,4719,4604,4721,4734
PH44,4461,4532,4529,4490,4524,4534,4329,3867,3867,3867,3867,3867,3869,3869,3868,3869,3868,3867,3867,3869,3873,3871,3822,3807,3821,3823,3823,3822,3821,3850,3850,3868,3870,3910,3384,4036,4036,3945,4123,4273,4584,4584,4584,4584,4605,4488,4663,4382,4392,4396,4395,4547,4545,4372,4376,4378,4735,4737,4722,4657,4658,4653,4581,4764,4764,4604,4614,4778,4776,4781,4780,4710,6611,6610,6608,6607,6606,6611,6609,7192,7933,7934,7934,7934,7931,7934,7934,7934,7935,7935,7938,7938,7962,7929,7466,7474,7358,5176,5176,5173,5176,5167,4714,4719,4602,4719,4733
PH29,4461,4532,4528,4490,4523,4535,4326,3868,3868,3868,3868,3868,3870,3870,3868,3869,3868,3868,3868,3869,3874,3872,3823,3808,3822,3823,3823,3822,3822,3851,3851,3869,3870,3911,3385,4036,4037,3945,4124,4273,4585,4584,4585,4585,4605,4488,4663,4382,4392,4396,4394,4547,4546,4373,4376,4379,4736,4737,4723,4659,4659,4655,4580,4765,4765,4605,4615,4780,4778,4782,4781,4710,6613,6612,6610,6609,6608,6613,6610,7193,7928,7929,7929,7929,7926,7929,7929,7929,7928,7929,7925,7925,7929,7935,7467,7474,7360,5178,5178,5175,5177,5169,4715,4720,4603,4720,4733
PH45,4397,4468,4464,4428,4459,4422,4259,3846,3846,3846,3846,3846,3848,3848,3846,3846,3846,3846,3846,3847,3852,3850,3801,3786,3801,3801,3801,3801,3801,3829,3829,3847,3847,3894,3357,4022,4022,3924,4099,4276,4638,4637,4638,4638,4623,4508,4636,4383,4392,4396,4394,4554,4556,4383,4386,4392,4751,4752,4737,4687,4687,4683,4605,4770,4770,4612,4622,4765,4766,4788,4788,4727,6889,6888,6889,6888,6887,6889,6889,7476,7465,7466,7466,7466,7466,7466,7466,7466,7465,7466,7465,7465,7466,7467,7805,7783,7619,5216,5216,5216,5215,5210,4736,4741,4624,4741,4771
PH47,4400,4471,4468,4431,4463,4424,4263,3848,3848,3848,3848,3848,3850,3850,3848,3848,3848,3848,3848,3849,3854,3852,3803,3788,3802,3802,3802,3802,3802,3831,3831,3849,3849,3896,3360,4025,4025,3927,4101,4278,4639,4639,4639,4639,4629,4511,4642,4385,4394,4398,4396,4556,4561,4385,4391,4394,4752,4753,4738,4688,4689,4684,4610,4772,4772,4615,4626,4771,4769,4790,4790,4727,6896,6895,6893,6892,6891,6896,6893,7484,7472,7473,7473,7473,7470,7473,7473,7473,7475,7473,7469,7469,7474,7474,7783,7805,7626,5223,5223,5220,5223,5214,4736,4741,4624,4741,4771
PH111,4410,4481,4477,4441,4472,4419,4259,3853,3853,3853,3853,3853,3855,3855,3853,3853,3853,3853,3853,3854,3859,3857,3808,3793,3807,3807,3807,3807,3807,3836,3836,3854,3854,3910,3360,4028,4028,3931,4109,4286,4648,4647,4648,4648,4654,4536,4667,4405,4414,4418,4416,4574,4565,4389,4395,4398,4774,4775,4761,4702,4702,4698,4616,4790,4790,4642,4652,4780,4778,4785,4785,4745,6767,6766,6764,6763,6762,6767,6764,7354,7357,7358,7358,7358,7355,7358,7359,7359,7357,7358,7355,7355,7358,7360,7619,7626,7796,5218,5218,5215,5217,5209,4730,4735,4618,4735,4763
PH106,4507,4578,4574,4536,4567,4410,4387,4093,4097,4097,4097,4096,4098,4098,4095,4094,4094,4094,4094,4095,4103,4101,4051,4033,4050,4048,4051,4048,4049,4079,4076,4095,4095,4202,3622,4303,4305,4188,4311,4639,5035,5034,5035,5038,4911,4787,4900,4665,4671,4675,4670,4873,4829,4647,4657,4661,5021,5019,4996,4843,4843,4842,4806,4959,4959,4922,4930,4887,4882,4950,4949,5568,5004,5004,5000,4997,4995,5003,4998,5198,5178,5178,5178,5176,5175,5178,5176,5179,5176,5176,5173,5173,5176,5178,5216,5223,5218,8372,8362,8353,8356,8343,4882,4886,4769,4886,4904
PH113,4506,4577,4573,4536,4567,4410,4386,4094,4097,4097,4097,4097,4099,4099,4095,4094,4094,4095,4095,4096,4102,4101,4050,4033,4050,4047,4050,4047,4049,4079,4076,4095,4094,4201,3622,4302,4305,4187,4310,4638,5035,5033,5035,5038,4911,4787,4900,4665,4671,4675,4669,4873,4828,4647,4657,4661,5021,5018,4996,4843,4842,4842,4806,4959,4959,4922,4929,4886,4881,4950,4948,5568,5003,5003,5000,4996,4995,5003,4997,5198,5178,5178,5178,5177,5176,5178,5176,5178,5175,5176,5173,5173,5176,5178,5216,5223,5218,8362,8367,8353,8355,8343,4882,4887,4770,4887,4904
PH19,4504,4575,4571,4534,4565,4409,4385,4093,4093,4093,4093,4093,4095,4095,4094,4093,4093,4094,4094,4095,4099,4098,4047,4033,4047,4047,4047,4047,4049,4076,4076,4095,4094,4198,3622,4302,4302,4187,4311,4635,5035,5033,5035,5035,4904,4787,4894,4663,4672,4676,4670,4871,4823,4647,4654,4659,5018,5018,4993,4843,4842,4842,4799,4959,4959,4919,4929,4881,4882,4947,4949,5565,4997,4997,4997,4996,4995,4997,4997,5193,5173,5173,5173,5173,5173,5173,5173,5173,5172,5173,5173,5173,5173,5175,5216,5220,5215,8353,8353,8359,8352,8343,4881,4886,4769,4886,4904
PH39,4506,4577,4574,4535,4566,4410,4387,4093,4094,4094,4094,4093,4095,4095,4096,4095,4095,4094,4094,4096,4100,4098,4048,4033,4047,4049,4049,4049,4049,4076,4076,4095,4096,4199,3622,4304,4302,4189,4311,4636,5034,5035,5034,5034,4908,4787,4897,4662,4671,4676,4672,4871,4826,4647,4658,4658,5017,5019,4992,4842,4844,4841,4802,4958,4958,4919,4930,4884,4882,4946,4948,5564,5000,5000,4996,4996,4994,4999,4998,5195,5175,5175,5175,5175,5172,5175,5175,5176,5177,5176,5172,5172,5176,5177,5215,5223,5217,8356,8355,8352,8377,8342,4880,4884,4767,4884,4902
PH52,4501,4572,4568,4531,4564,4406,4378,4088,4088,4088,4088,4088,4090,4090,4089,4088,4088,4091,4091,4090,4093,4092,4042,4028,4042,4042,4042,4042,4046,4071,4071,4090,4089,4192,3617,4296,4296,4182,4305,4630,5029,5027,5029,5029,4898,4781,4888,4656,4667,4671,4663,4865,4816,4640,4647,4654,5012,5012,4987,4836,4836,4835,4797,4953,4955,4917,4924,4875,4876,4941,4942,5559,4991,4991,4991,4990,4989,4991,4991,5187,5167,5169,5167,5169,5167,5167,5167,5167,5166,5167,5169,5169,5167,5169,5210,5214,5209,8343,8343,8343,8342,8372,4875,4880,4769,4882,4901
PH131,4663,4735,4730,4694,4724,4591,4497,4175,4176,4176,4176,4175,4177,4177,4176,4176,4176,4175,4175,4176,4180,4177,4130,4114,4128,4129,4129,4129,4129,4157,4157,4175,4176,4197,3683,4360,4360,4276,4380,4632,5018,5018,5018,5018,4922,4805,4904,4676,4685,4689,4688,4921,4915,4805,4745,4750,5064,5064,5054,4989,4991,4987,4892,5038,5039,4961,4973,4952,4953,5033,5035,5091,4749,4749,4748,4748,4746,4748,4749,4735,4714,4714,4714,4716,4715,4714,4714,4715,4714,4714,4714,4714,4714,4715,4736,4736,4730,4882,4882,4881,4880,4875,8286,8235,8120,8237,6532
PH134,4664,4736,4731,4696,4726,4594,4498,4179,4179,4179,4179,4179,4181,4181,4179,4179,4179,4179,4179,4180,4182,4180,4134,4119,4133,4133,4133,4133,4134,4162,4162,4180,4180,4199,3686,4362,4363,4278,4382,4634,5023,5022,5023,5023,4926,4810,4909,4681,4690,4694,4692,4926,4919,4810,4750,4755,5068,5067,5058,4994,4995,4992,4896,5043,5043,4966,4977,4955,4956,5038,5039,5096,4753,4753,4753,4752,4752,4754,4754,4740,4719,4719,4719,4721,4720,4719,4719,4719,4718,4719,4719,4719,4719,4720,4741,4741,4735,4886,4887,4886,4884,4880,8235,8281,8160,8276,6536
PH62,4548,4620,4615,4580,4610,4479,4382,4063,4063,4063,4063,4063,4064,4064,4063,4063,4063,4065,4063,4063,4065,4063,4016,4002,4015,4015,4015,4015,4018,4044,4044,4062,4062,4082,3569,4245,4246,4161,4265,4517,4906,4905,4906,4906,4809,4693,4792,4564,4575,4579,4575,4811,4802,4693,4633,4640,4952,4951,4942,4877,4878,4875,4781,4926,4926,4851,4860,4838,4839,4921,4922,4979,4636,4636,4636,4635,4634,4637,4637,4623,4602,4604,4602,4606,4603,4602,4602,4602,4601,4602,4604,4604,4602,4603,4624,4624,4618,4769,4770,4769,4767,4769,8120,8160,8179,8163,6422
PH20,4665,4737,4732,4697,4727,4596,4498,4179,4179,4179,4179,4179,4181,4181,4179,4179,4179,4181,4179,4180,4182,4180,4133,4118,4132,4132,4132,4132,4135,4161,4161,4179,4179,4199,3686,4362,4363,4278,4382,4634,5023,5022,5023,5023,4926,4810,4909,4681,4692,4696,4692,4928,4919,4810,4750,4757,5069,5068,5059,4994,4995,4992,4898,5043,5043,4968,4977,4955,4956,5038,5039,5096,4753,4753,4753,4752,4751,4754,4754,4740,4719,4721,4719,4723,4720,4719,4719,4719,4718,4719,4721,4721,4719,4720,4741,4741,4735,4886,4887,4886,4884,4882,8237,8276,8163,8284,6539
PH5,4756,4827,4822,4787,4820,5075,4520,4241,4241,4241,4241,4241,4243,4243,4242,4241,4241,4244,4244,4243,4247,4245,4196,4181,4195,4195,4195,4195,4199,4224,4224,4243,4242,4256,3793,4399,4400,4412,4452,4669,5002,5000,5002,5002,4946,4831,4928,4610,4620,4624,4620,4865,4905,4810,4735,4743,5003,5002,4993,4924,4925,4922,5472,5082,5084,4960,4966,4932,4932,4989,4990,5015,4773,4773,4773,4772,4771,4773,4773,4758,4732,4734,4732,4735,4732,4732,4732,4732,4731,4732,4734,4734,4733,4733,4771,4771,4763,4904,4904,4904,4902,4901,6532,6536,6422,6539,8300
