,3399-4058-0-RVRE,1016-2017-0-RVRE,5948-6048-14-RVRE,793-A001-120-G-TIPmvre,1090-E022-60-R-TIPmvre,738-E023-1-R-TIPmvre,1047-4017-14-GVRE,1896-4034-0-HVRE,5855-2060-0-RVRE,635-C003-1-G-TIPmvre,1352-E036-1-G-TIPmvre,3362-E077-30-R-TIPmvre,546-I005-14-R-TIPmvre,5902-1089-0-RVRE,3363-A015-14-R-TIPmvre,7151-3115-0-RVRE,6430-1097-0-RVRE,1537-1034-0-RVRE,824-4018-0-RVRE,1341-E033-1-R-TIPmvre,4133-3066-0-RVRE,5489-2056-0-HVRE,7258-3113-14-RVRE,629-2013-0-RVRE,4030-H021-30-R-TIPmvre,539-1018-0-RVRE,1028-E026-1-R-TIPmvre,4794-5029-0-RVRE,7413-3121-0-RVRE,1053-6004-0-R1VRE,6242-5037-0-RVRE,949-3025-0-RVRE,1096-1026-0-RVRE,1278-1019-30-RVRE,1644-3031-14-RVRE,702-3020-0-RVRE,5080-2051-0-HVRE,1543-4028-0-GVRE,1638-6008-0-RVRE,236-4004-0-RVRE,1137-4020-14-RVRE,219-2005-0-RVRE,711-4015-0-RVRE,4313-6035-0-GVRE,4462-6037-0-RVRE,6077-4098-0-GVRE,1455-4025-0-RVRE,2963-2031-14-RVRE,4922-2049-0-RVRE,5363-2050-14-RVRE,80-2003-0-RVRE,1463-1033-0-HVRE,2471-4044-0-GVRE,2492-6012-14-GVRE,8512-3145-0-RVRE,8088-3137-0-RVRE,8513-3147-0-RVRE,898-4011-30-GVRE,609-6002-30-RVRE,4362-6036-0-RVRE,4693-4077-0-HVRE,4007-5020-0-RVRE,4031-J032-1-G-TIPmvre,2026-4040-0-RVRE,3744-F061-90-G-TIPmvre,7600-3125-0-GVRE,7891-2076-0-OVRE,5232-4088-0-RVRE,217-2001-30-HVRE,5856-4095-0-GVRE,851-5002-0-RVRE,409-1015-0-RVRE,3884-J030-1-G-TIPmvre,3070-L011-1-G-TIPmvre,3686-C018-1-R-TIPmvre,6697-4104-0-GVRE,697-3019-0-RVRE,5827-6047-14-RVRE,4639-1079-0-RVRE,4832-1081-0-GVRE,5541-1082-30-RVRE,1420-2021-0-RVRE,6304-2065-0-RVRE,6651-2067-0-RVRE,1488-4026-0-HVRE,1929-4036-0-GVRE,6950-4109-0-RVRE,2308-2029-0-RVRE,4948-4081-0-RVRE,5954-3098-0-R1VRE,6435-4099-14-GVRE,7053-4107-14-RVRE,4384-3073-0-RVRE,5348-3091-0-RVRE,9019-3156-0-RVRE,1676-4031-0-GVRE,2386-6013-0-R1VRE,3994-6029-0-GVRE,4593-3077-0-RVRE,7583-5041-0-HVRE,621-2007-14-RVRE,5284-6044-0-RVRE,483-2008-0-RVRE,5533-3092-0-HVRE,8303-3140-0-H1VRE,5214-4087-0-HVRE,5924-3095-14-RVRE,4280-2041-14-HVRE,615-3018-0-HVRE,3233-1045-60-H1VRE,905-4021-0-RVRE,5006-5030-0-RVRE,5925-3097-0-HVRE,6648-4103-0-HVRE,4703-4078-0-R1VRE,4902-4076-14-RVRE,729-4016-0-HVRE,6129-1092-0-HVRE,8052-3132-0-HVRE,4784-3082-0-RVRE,1334-2020-0-R1VRE,2886-5012-0-RVRE,6748-6057-0-HVRE,2243-3041-14-RVRE,1889-3036-0-OVRE,4145-6030-14-RVRE,3320-D044-1-R-TIPmvre,4009-E118-14-R-TIPmvre,5261-4089-0-RVRE,5285-6045-0-RVRE,3226-4049-14-RVRE,344-1009-0-HVRE,899-D004-14-G-TIPmvre,3082-3051-0-RVRE,5088-6043-0-HVRE,6988-1099-0-RVRE,3717-G013-14-O-TIPmvre,4143-2042-0-RVRE,3673-4064-0-HVRE,4999-3085-0-HVRE,3743-D050-1-G-TIPmvre,1781-3033-30-RVRE,3890-6028-0-RVRE,3667-E109-14-R-TIPmvre,3672-K017-1-G-TIPmvre,442-1011-14-RVRE,4544-5027-0-RVRE,4786-5025-14-HVRE,8232-2079-0-HVRE,1321-3028-0-RVRE,6429-1096-0-RVRE,6652-3103-14-RVRE
3399-4058-0-RVRE,2521,2094,2094,2094,2094,2094,2094,2094,2095,2094,2094,2097,2094,2094,2094,2094,2094,2094,2094,2094,2094,2092,2094,2095,2092,2091,621,394,621,622,636,636,622,622,621,621,622,636,636,636,623,625,621,729,729,729,622,622,637,637,622,623,621,626,638,621,771,621,621,623,619,625,636,835,623,215,636,826,621,636,621,621,621,621,623,622,843,621,636,636,636,165,167,167,165,165,165,171,165,166,165,165,169,167,327,589,604,604,602,588,589,587,589,589,688,602,602,589,589,588,589,588,589,587,604,596,582,581,587,274,209,208,207,209,1240,1240,1232,1240,1241,1241,195,396,193,428,427,632,424,426,104,1669,2118,2107,2107,2107,2104,2486,2486,2486,2486,2071,2494,2494
1016-2017-0-RVRE,2094,2726,2713,2712,2712,2712,2708,2708,2707,2708,2708,2708,2708,2708,2708,2708,2708,2708,2708,2708,2708,2706,2708,2708,2706,2705,570,342,570,570,585,585,570,570,570,570,571,585,585,585,572,572,570,564,564,564,571,571,586,586,571,572,570,575,585,570,718,570,570,570,568,574,585,784,570,164,585,772,570,585,570,570,570,570,572,570,791,570,585,585,585,77,79,79,77,77,77,83,77,77,77,77,81,79,237,499,514,514,512,498,498,497,499,499,504,512,512,499,499,498,499,498,499,497,514,504,488,488,506,276,65,64,63,65,1121,1121,1113,1121,1122,1121,50,249,51,427,426,633,426,429,52,1764,2101,2258,2258,2258,2255,2094,2094,2094,2094,1672,2094,2094
5948-6048-14-RVRE,2094,2713,2749,2712,2712,2712,2708,2708,2707,2708,2708,2708,2708,2708,2708,2708,2708,2708,2708,2708,2708,2706,2708,2708,2706,2705,570,342,570,570,585,585,570,570,570,570,571,585,585,585,572,572,570,564,564,564,571,571,586,586,571,572,570,575,585,570,718,570,570,570,568,574,585,784,570,164,585,772,570,585,570,570,570,570,572,570,791,570,584,584,584,77,79,79,77,77,77,83,77,77,77,77,81,79,237,499,514,514,512,498,498,497,499,499,504,512,512,499,499,498,499,498,499,497,514,504,488,488,506,276,65,64,63,65,1120,1120,1112,1120,1121,1120,49,248,50,427,426,633,426,429,52,1764,2101,2258,2258,2258,2255,2094,2094,2094,2094,1672,2094,2094
793-A001-120-G-TIPmvre,2094,2712,2712,2741,2712,2712,2708,2708,2707,2708,2708,2708,2708,2708,2708,2708,2708,2708,2708,2708,2708,2706,2708,2708,2706,2705,570,342,570,570,585,585,570,570,570,570,571,585,585,585,572,572,570,564,564,564,571,571,586,586,571,572,570,575,585,570,718,570,570,570,568,574,585,784,570,164,585,772,570,585,570,570,570,570,572,570,791,570,584,584,584,77,79,79,77,77,77,83,77,77,77,77,81,79,237,499,514,514,512,498,498,497,499,499,504,512,512,499,499,498,499,498,499,497,514,504,488,488,506,276,65,64,63,65,1120,1120,1112,1120,1121,1120,49,248,50,427,426,633,426,429,52,1764,2101,2258,2258,2258,2255,2094,2094,2094,2094,1672,2094,2094
1090-E022-60-R-TIPmvre,2094,2712,2712,2712,2734,2732,2708,2708,2707,2708,2708,2708,2708,2708,2708,2708,2708,2708,2708,2708,2708,2706,2708,2708,2706,2705,570,342,570,570,585,585,570,570,570,570,571,585,585,585,572,572,570,564,564,564,571,571,586,586,571,572,570,575,585,570,718,570,570,570,568,574,585,784,570,164,585,772,570,585,570,570,570,570,572,570,791,570,584,584,584,77,79,79,77,77,77,83,77,77,77,77,81,79,237,499,514,514,512,498,498,497,499,499,504,512,512,499,499,498,499,498,499,497,514,504,488,488,506,276,65,64,63,65,1120,1120,1112,1120,1121,1120,49,248,50,427,426,633,426,429,52,1764,2101,2258,2258,2258,2255,2094,2094,2094,2094,1672,2094,2094
738-E023-1-R-TIPmvre,2094,2712,2712,2712,2732,2732,2708,2708,2707,2708,2708,2708,2708,2708,2708,2708,2708,2708,2708,2708,2708,2706,2708,2708,2706,2705,570,342,570,570,585,585,570,570,570,570,571,585,585,585,572,572,570,564,564,564,571,571,586,586,571,572,570,575,585,570,718,570,570,570,568,574,585,784,570,164,585,772,570,585,570,570,570,570,572,570,791,570,584,584,584,77,79,79,77,77,77,83,77,77,77,77,81,79,237,499,514,514,512,498,498,497,499,499,504,512,512,499,499,498,499,498,499,497,514,504,488,488,506,276,65,64,63,65,1120,1120,1112,1120,1121,1120,49,248,50,427,426,633,426,429,52,1764,2101,2258,2258,2258,2255,2094,2094,2094,2094,1672,2094,2094
1047-4017-14-GVRE,2094,2708,2708,2708,2708,2708,2760,2749,2727,2727,2723,2722,2722,2723,2723,2715,2711,2709,2709,2709,2709,2707,2709,2708,2706,2705,570,342,570,570,585,585,570,570,570,570,571,585,585,585,572,572,570,564,564,564,571,571,586,586,571,572,570,575,585,570,718,570,570,570,568,574,585,784,570,164,585,772,570,585,570,570,570,570,572,570,791,570,584,584,584,77,79,79,77,77,77,83,77,77,77,77,81,79,237,499,514,514,512,498,498,497,499,499,504,512,512,499,499,498,499,498,499,497,514,504,488,488,507,276,65,64,63,65,1120,1120,1112,1120,1121,1120,49,248,50,427,426,633,426,429,52,1764,2101,2260,2260,2260,2256,2094,2094,2094,2094,1672,2094,2094
1896-4034-0-HVRE,2094,2708,2708,2708,2708,2708,2749,2766,2728,2728,2723,2722,2722,2723,2723,2715,2711,2709,2709,2709,2709,2707,2709,2708,2706,2705,570,342,570,570,585,585,570,570,570,570,571,585,585,585,572,572,570,564,564,564,571,571,586,586,571,572,570,575,585,570,718,570,570,570,568,574,585,784,570,164,585,772,570,585,570,570,570,570,572,570,791,570,584,584,584,77,79,79,77,77,77,83,77,77,77,77,81,79,237,499,514,514,512,498,498,497,499,499,504,512,512,499,499,498,499,498,499,497,514,504,488,488,507,276,65,64,63,65,1120,1120,1112,1120,1121,1120,49,248,50,427,426,633,426,429,52,1764,2101,2260,2260,2260,2256,2094,2094,2094,2094,1672,2094,2094
5855-2060-0-RVRE,2095,2707,2707,2707,2707,2707,2727,2728,2757,2726,2721,2722,2720,2721,2721,2713,2709,2708,2708,2708,2708,2706,2708,2707,2705,2704,570,342,570,570,585,585,570,570,570,570,570,585,585,585,572,574,570,566,566,566,571,571,586,586,571,572,570,575,587,570,718,570,570,570,568,574,585,784,576,164,585,772,570,585,570,570,570,570,572,574,791,570,584,584,584,87,89,89,87,87,87,93,83,83,83,87,91,89,247,499,514,514,512,498,497,497,499,499,506,512,512,499,499,498,499,498,499,497,514,504,490,488,507,276,70,69,68,70,1132,1132,1124,1132,1134,1132,59,258,59,437,436,642,436,439,57,1766,2103,2260,2260,2260,2258,2095,2095,2095,2095,1673,2095,2095
635-C003-1-G-TIPmvre,2094,2708,2708,2708,2708,2708,2727,2728,2726,2732,2723,2722,2722,2723,2723,2715,2711,2709,2709,2709,2709,2707,2709,2708,2706,2705,570,342,570,570,585,585,570,570,570,570,571,585,585,585,572,572,570,564,564,564,571,571,586,586,571,572,570,575,585,570,718,570,570,570,569,574,585,784,570,164,585,772,570,585,570,570,570,570,573,570,791,570,584,584,584,77,79,79,77,77,77,83,77,77,77,77,81,79,237,499,514,514,512,498,498,497,499,499,504,512,512,500,499,498,499,498,499,497,514,504,488,488,507,276,65,64,63,65,1120,1120,1112,1120,1121,1120,49,248,50,427,426,633,426,429,52,1764,2101,2260,2260,2260,2256,2095,2094,2094,2094,1672,2094,2094
1352-E036-1-G-TIPmvre,2094,2708,2708,2708,2708,2708,2723,2723,2721,2723,2733,2732,2722,2723,2723,2715,2711,2709,2709,2709,2709,2707,2709,2708,2706,2705,570,342,570,570,585,585,570,570,570,570,571,585,585,585,572,572,570,564,564,564,571,571,586,586,571,572,570,575,585,570,718,570,570,570,568,574,585,784,570,164,585,772,570,585,570,570,570,570,572,570,791,570,584,584,584,77,79,79,77,77,77,83,77,77,77,77,81,79,237,499,514,514,512,498,498,497,499,499,504,512,512,499,499,498,499,498,499,497,514,505,489,488,507,276,65,64,63,65,1120,1120,1112,1120,1121,1120,49,248,50,427,426,633,426,429,52,1764,2101,2260,2260,2260,2256,2094,2094,2094,2094,1672,2094,2094
3362-E077-30-R-TIPmvre,2097,2708,2708,2708,2708,2708,2722,2722,2722,2722,2732,2740,2721,2722,2722,2714,2710,2709,2709,2709,2709,2707,2709,2708,2706,2705,570,342,570,570,585,585,570,570,570,570,571,585,585,585,572,574,570,566,566,566,571,571,586,586,571,572,570,575,587,570,718,570,570,570,568,574,585,784,572,164,585,772,570,585,570,570,570,570,572,570,791,570,584,584,584,77,79,79,77,77,77,83,77,77,77,77,81,79,237,499,514,514,512,498,498,497,499,499,506,512,512,499,499,498,499,498,499,497,514,505,491,488,507,276,65,64,63,65,1122,1122,1114,1122,1123,1122,49,248,50,427,426,633,426,429,52,1765,2103,2262,2262,2262,2258,2096,2096,2096,2096,1674,2096,2096
546-I005-14-R-TIPmvre,2094,2708,2708,2708,2708,2708,2722,2722,2720,2722,2722,2721,2726,2722,2722,2714,2711,2709,2709,2709,2709,2707,2709,2708,2706,2705,570,342,570,570,585,585,570,570,570,570,571,585,585,585,572,572,570,564,564,564,571,571,586,586,571,572,570,575,585,570,718,570,570,570,568,574,585,784,570,164,585,772,570,585,570,570,570,570,572,570,791,570,584,584,584,77,79,79,77,77,77,83,77,77,77,77,81,79,237,499,514,514,512,498,498,497,499,499,504,512,512,499,499,498,499,498,499,497,514,504,488,488,507,276,65,64,63,65,1120,1120,1112,1120,1121,1120,49,248,50,427,426,633,426,429,52,1764,2101,2260,2260,2260,2256,2094,2094,2094,2094,1672,2094,2094
5902-1089-0-RVRE,2094,2708,2708,2708,2708,2708,2723,2723,2721,2723,2723,2722,2722,2765,2723,2715,2711,2709,2709,2709,2709,2719,2709,2708,2706,2705,570,347,570,570,585,585,570,570,570,570,571,585,585,585,572,572,575,564,564,564,571,571,586,586,571,572,570,575,585,570,718,570,570,570,573,574,585,784,570,165,586,772,570,585,570,570,570,570,572,570,791,570,586,586,586,86,79,79,86,86,86,92,86,86,86,86,81,79,246,499,514,514,517,503,503,502,499,499,504,517,517,499,499,503,499,503,504,502,514,504,488,488,509,276,65,64,63,65,1120,1120,1112,1120,1121,1120,49,248,50,427,426,633,426,429,52,1772,2103,2260,2260,2260,2256,2096,2094,2094,2094,1672,2094,2094
3363-A015-14-R-TIPmvre,2094,2708,2708,2708,2708,2708,2723,2723,2721,2723,2723,2722,2722,2723,2731,2715,2711,2709,2709,2709,2709,2707,2709,2708,2706,2705,570,342,570,570,585,585,570,570,570,570,571,585,585,585,572,572,570,564,564,564,571,571,586,586,571,572,570,575,585,570,718,570,570,570,568,574,585,784,570,164,585,772,570,585,570,570,570,570,572,570,791,570,584,584,584,77,79,79,77,77,77,83,77,77,77,77,81,79,237,499,514,514,512,498,498,497,499,499,504,512,512,499,499,498,499,498,499,497,514,504,488,488,507,276,65,64,63,65,1120,1120,1112,1120,1121,1120,49,248,50,427,426,633,426,429,52,1764,2101,2260,2260,2260,2256,2094,2094,2094,2094,1672,2094,2094
7151-3115-0-RVRE,2094,2708,2708,2708,2708,2708,2715,2715,2713,2715,2715,2714,2714,2715,2715,2734,2711,2709,2709,2709,2709,2707,2709,2708,2706,2705,570,342,570,570,585,585,570,570,570,570,571,585,585,585,572,572,570,564,564,564,571,571,586,586,571,572,570,575,585,570,718,570,570,570,568,574,585,784,570,164,585,772,570,585,570,570,570,570,572,570,791,570,584,584,584,77,79,79,77,77,77,83,77,77,77,77,81,79,237,499,514,514,512,498,498,497,499,499,504,512,512,499,499,498,499,498,499,497,514,504,488,488,507,276,65,64,63,65,1120,1120,1112,1120,1121,1120,49,248,50,427,426,633,426,429,52,1764,2101,2260,2260,2260,2256,2094,2094,2094,2094,1672,2094,2094
6430-1097-0-RVRE,2094,2708,2708,2708,2708,2708,2711,2711,2709,2711,2711,2710,2711,2711,2711,2711,2739,2709,2709,2709,2709,2707,2709,2708,2706,2705,570,342,570,570,585,585,570,570,570,570,571,585,585,585,572,572,570,564,564,564,571,571,586,586,571,572,570,575,585,570,718,570,570,570,568,574,585,784,570,164,585,772,570,585,570,570,570,570,572,570,791,570,584,584,584,77,79,79,77,77,77,83,77,77,77,77,81,79,237,499,514,514,512,498,498,497,499,499,504,512,512,499,499,498,499,498,499,497,514,504,488,488,508,276,65,64,63,65,1120,1120,1112,1120,1121,1120,49,248,50,427,426,633,426,429,53,1764,2101,2265,2265,2265,2259,2094,2094,2094,2094,1672,2094,2094
1537-1034-0-RVRE,2094,2708,2708,2708,2708,2708,2709,2709,2708,2709,2709,2709,2709,2709,2709,2709,2709,2724,2724,2709,2709,2707,2709,2708,2706,2705,570,342,570,570,585,585,570,570,570,570,571,585,585,585,572,572,570,564,564,564,571,571,586,586,571,572,570,575,585,570,718,570,570,570,568,574,585,784,570,164,585,772,570,585,570,570,570,570,572,570,791,570,584,584,584,77,79,79,77,77,77,83,77,77,77,77,81,79,237,499,514,514,512,498,498,497,499,499,504,512,512,499,499,498,499,498,499,497,514,504,488,488,507,276,65,64,63,65,1120,1120,1112,1120,1121,1120,49,248,50,427,426,633,426,429,52,1764,2101,2259,2259,2259,2256,2094,2094,2094,2094,1672,2094,2094
824-4018-0-RVRE,2094,2708,2708,2708,2708,2708,2709,2709,2708,2709,2709,2709,2709,2709,2709,2709,2709,2724,2732,2709,2709,2707,2709,2708,2706,2705,570,342,570,570,585,585,570,570,570,570,571,585,585,585,572,572,570,564,564,564,571,571,586,586,571,572,570,575,585,570,718,570,570,570,568,574,585,784,570,164,585,772,570,585,570,570,570,570,572,570,791,570,584,584,584,77,79,79,77,77,77,83,77,77,77,77,81,79,237,499,514,514,512,498,498,497,499,499,504,512,512,499,499,498,499,498,499,497,514,504,488,488,507,276,65,64,63,65,1120,1120,1112,1120,1121,1120,49,248,50,427,426,633,426,429,52,1764,2101,2259,2259,2259,2256,2094,2094,2094,2094,1672,2094,2094
1341-E033-1-R-TIPmvre,2094,2708,2708,2708,2708,2708,2709,2709,2708,2709,2709,2709,2709,2709,2709,2709,2709,2709,2709,2730,2713,2711,2713,2708,2706,2705,570,342,570,570,585,585,570,570,570,570,571,585,585,585,572,572,570,564,564,564,571,571,586,586,571,572,570,575,585,570,718,570,570,570,568,574,585,784,570,164,585,772,570,585,570,570,570,570,572,570,791,570,584,584,584,77,79,79,77,77,77,83,77,77,77,77,81,79,237,499,514,514,512,498,498,497,499,499,504,512,512,499,499,498,499,498,499,497,514,504,488,488,507,276,65,64,63,65,1120,1120,1112,1120,1121,1120,49,248,50,427,426,633,426,429,52,1764,2101,2259,2259,2259,2256,2094,2094,2094,2094,1672,2094,2094
4133-3066-0-RVRE,2094,2708,2708,2708,2708,2708,2709,2709,2708,2709,2709,2709,2709,2709,2709,2709,2709,2709,2709,2713,2751,2720,2721,2708,2706,2705,570,342,570,570,585,585,570,570,570,570,571,585,585,585,572,572,570,564,564,564,571,571,586,586,571,572,570,575,585,570,718,570,570,570,568,574,585,784,570,164,585,772,570,585,570,570,570,570,572,570,791,570,584,584,584,77,79,79,77,77,77,83,77,77,77,77,81,79,237,499,514,514,512,498,498,497,499,499,504,512,512,499,499,498,499,498,499,497,514,504,488,488,507,276,65,64,63,65,1120,1120,1112,1120,1121,1120,49,248,50,427,426,633,426,429,52,1764,2101,2259,2259,2259,2256,2094,2094,2094,2094,1672,2094,2094
5489-2056-0-HVRE,2092,2706,2706,2706,2706,2706,2707,2707,2706,2707,2707,2707,2707,2719,2707,2707,2707,2707,2707,2711,2720,2745,2719,2706,2704,2703,568,358,568,568,583,583,568,568,568,568,569,583,583,583,570,570,586,562,562,562,569,569,584,584,569,570,568,573,583,568,716,568,568,568,584,572,583,782,568,163,584,770,568,583,568,568,568,568,570,568,789,568,597,597,597,97,77,77,97,97,97,103,97,97,97,97,79,77,257,497,512,512,528,514,514,513,497,497,502,528,528,497,497,514,497,514,515,513,512,502,486,486,517,274,63,62,61,63,1118,1118,1110,1118,1119,1118,47,246,48,425,424,631,424,427,50,1770,2114,2257,2257,2257,2254,2096,2092,2092,2092,1670,2092,2092
7258-3113-14-RVRE,2094,2708,2708,2708,2708,2708,2709,2709,2708,2709,2709,2709,2709,2709,2709,2709,2709,2709,2709,2713,2721,2719,2728,2708,2706,2705,570,342,570,570,585,585,570,570,570,570,571,585,585,585,572,572,570,564,564,564,571,571,586,586,571,572,570,575,585,570,718,570,570,570,568,574,585,784,570,164,585,772,570,585,570,570,570,570,572,570,791,570,584,584,584,77,79,79,77,77,77,83,77,77,77,77,81,79,237,499,514,514,512,498,498,497,499,499,504,512,512,499,499,498,499,498,499,497,514,504,488,488,507,276,65,64,63,65,1120,1120,1112,1120,1121,1120,49,248,50,427,426,633,426,429,52,1764,2101,2259,2259,2259,2256,2094,2094,2094,2094,1672,2094,2094
629-2013-0-RVRE,2095,2708,2708,2708,2708,2708,2708,2708,2707,2708,2708,2708,2708,2708,2708,2708,2708,2708,2708,2708,2708,2706,2708,2755,2706,2705,570,342,570,571,585,585,571,571,570,570,571,585,585,585,572,572,570,564,564,564,571,571,586,586,571,572,570,575,585,570,718,570,570,571,568,574,585,784,570,164,585,772,570,585,570,570,570,570,572,571,791,570,585,585,585,77,79,79,77,77,77,83,77,78,77,77,81,79,237,499,514,514,512,498,499,497,499,499,505,512,512,499,499,498,499,498,499,497,514,504,488,488,506,277,66,65,64,66,1121,1121,1113,1121,1122,1121,50,249,50,428,427,634,427,430,53,1764,2101,2258,2258,2258,2258,2095,2095,2095,2095,1673,2095,2095
4030-H021-30-R-TIPmvre,2092,2706,2706,2706,2706,2706,2706,2706,2705,2706,2706,2706,2706,2706,2706,2706,2706,2706,2706,2706,2706,2704,2706,2706,2749,2732,570,342,570,570,585,585,570,570,570,570,571,585,585,585,572,572,570,564,564,564,571,571,586,586,571,572,570,575,585,570,718,570,570,570,568,574,585,784,570,164,585,772,570,585,570,570,570,570,572,570,791,570,584,584,584,77,79,79,77,77,77,83,77,77,77,77,81,79,237,499,514,514,512,498,498,497,499,499,504,512,512,499,499,498,499,498,499,497,514,504,488,488,506,276,65,64,63,65,1120,1120,1112,1120,1122,1120,49,248,51,427,426,633,426,429,52,1764,2102,2258,2258,2258,2255,2092,2093,2093,2093,1670,2092,2092
539-1018-0-RVRE,2091,2705,2705,2705,2705,2705,2705,2705,2704,2705,2705,2705,2705,2705,2705,2705,2705,2705,2705,2705,2705,2703,2705,2705,2732,2744,570,342,570,570,585,585,570,570,570,570,571,585,585,585,572,572,570,564,564,564,571,571,586,586,571,572,570,575,585,570,718,570,570,570,568,574,585,784,570,164,585,772,570,585,570,570,570,570,572,570,791,570,584,584,584,77,79,79,77,77,77,83,77,77,77,77,81,79,237,499,514,514,512,498,498,497,499,499,504,512,512,499,499,498,499,498,499,497,514,504,488,488,506,275,64,63,62,64,1119,1119,1112,1119,1121,1119,48,247,50,426,425,632,425,428,52,1764,2102,2257,2257,2257,2254,2091,2092,2092,2092,1669,2091,2091
1028-E026-1-R-TIPmvre,621,570,570,570,570,570,570,570,570,570,570,570,570,570,570,570,570,570,570,570,570,568,570,570,570,570,2000,1561,1995,1990,1990,1990,1990,1990,1990,1990,1990,1989,1987,1989,1990,1990,1988,1954,1954,1954,1990,1990,1990,1990,1990,1990,1990,1990,1990,1990,1988,1990,1990,1990,1988,1990,1990,1981,1989,1562,1990,1987,1990,1990,1990,1990,1990,1990,1990,1989,1976,1984,1980,1981,1981,23,25,25,23,23,23,23,23,23,23,24,25,25,21,28,28,28,26,27,26,26,28,28,49,26,26,28,28,27,28,26,26,26,28,29,29,500,23,1415,40,41,40,40,27,27,27,27,28,28,40,39,40,311,311,301,310,308,1421,203,537,631,631,631,635,620,620,620,620,199,621,621
4794-5029-0-RVRE,394,342,342,342,342,342,342,342,342,342,342,342,342,347,342,342,342,342,342,342,342,358,342,342,342,342,1561,1837,1576,1557,1557,1557,1557,1557,1557,1557,1557,1556,1554,1556,1557,1557,1573,1521,1521,1521,1558,1558,1557,1558,1558,1557,1557,1557,1556,1557,1555,1557,1557,1558,1573,1561,1557,1752,1556,1569,1557,1554,1557,1557,1557,1557,1557,1557,1559,1556,1748,1551,1562,1563,1563,65,49,49,65,65,65,65,65,65,65,65,49,49,63,260,260,260,276,277,276,276,260,260,281,276,276,260,260,277,260,276,276,276,258,260,260,731,266,1444,34,35,34,34,225,225,225,225,226,226,34,33,56,305,305,500,304,302,1415,269,331,403,403,403,407,396,392,392,392,430,393,393
7413-3121-0-RVRE,621,570,570,570,570,570,570,570,570,570,570,570,570,570,570,570,570,570,570,570,570,568,570,570,570,570,1995,1576,2022,1991,1991,1991,1991,1991,1991,1991,1991,1990,1988,1990,1991,1991,1989,1955,1955,1955,1991,1991,1990,1991,1991,1991,1991,1991,1990,1991,1989,1991,1991,1991,1989,1991,1991,1982,1990,1563,1991,1988,1991,1991,1991,1991,1991,1991,1991,1990,1977,1985,1981,1982,1982,23,25,25,23,23,23,23,23,23,23,23,25,25,21,28,28,28,26,27,26,26,28,28,49,26,26,28,28,27,28,26,26,26,28,29,29,500,23,1416,40,41,40,40,27,27,27,27,28,28,40,39,40,311,311,301,310,308,1422,203,537,631,631,631,635,620,620,620,620,199,621,621
1053-6004-0-R1VRE,622,570,570,570,570,570,570,570,570,570,570,570,570,570,570,570,570,570,570,570,570,568,570,571,570,570,1990,1557,1991,2018,1995,1995,1992,1992,1991,1991,1991,1990,1988,1990,1991,1991,1989,1955,1955,1955,1994,1991,1990,1991,1991,1991,1991,1991,1990,1994,1992,1991,1991,1992,1992,1994,1991,1982,1990,1563,1991,1988,1994,1991,1994,1994,1994,1994,1994,1991,1977,1988,1982,1983,1983,23,25,25,23,23,23,23,26,27,26,23,25,25,21,31,28,28,26,30,30,29,31,31,53,26,26,31,31,30,31,29,29,29,28,29,29,503,26,1417,41,42,41,41,28,28,28,28,29,29,41,40,40,312,312,302,311,309,1426,206,537,631,631,631,635,621,621,621,621,200,622,622
6242-5037-0-RVRE,636,585,585,585,585,585,585,585,585,585,585,585,585,585,585,585,585,585,585,585,585,583,585,585,585,585,1990,1557,1991,1995,2039,2020,1991,1991,1991,1991,1991,2005,2003,2005,1991,1991,1989,1955,1955,1955,1991,1991,2005,2006,1991,1991,1991,1996,2005,1991,1989,1991,1991,1991,1989,1991,2006,1997,1990,1578,2006,1988,1991,2006,1991,1991,1991,1991,1991,1990,1992,1985,1996,1997,1997,23,25,25,23,23,23,23,23,23,23,23,25,25,36,28,43,43,41,27,26,26,28,28,49,41,41,28,28,27,28,26,26,26,43,44,29,500,23,1416,55,56,55,55,27,27,27,27,28,28,40,54,40,326,326,316,325,323,1422,203,552,646,646,646,650,635,635,635,635,214,636,636
949-3025-0-RVRE,636,585,585,585,585,585,585,585,585,585,585,585,585,585,585,585,585,585,585,585,585,583,585,585,585,585,1990,1557,1991,1995,2020,2032,1991,1991,1991,1991,1991,2005,2003,2005,1991,1991,1989,1955,1955,1955,1991,1991,2005,2006,1991,1991,1991,1996,2005,1991,1989,1991,1991,1991,1989,1991,2006,1997,1990,1578,2006,1988,1991,2006,1991,1991,1991,1991,1991,1990,1992,1985,1996,1997,1997,23,25,25,23,23,23,23,23,23,23,23,25,25,36,28,43,43,41,27,26,26,28,28,49,41,41,28,28,27,28,26,26,26,43,44,29,500,23,1416,55,56,55,55,27,27,27,27,28,28,40,54,40,326,326,316,325,323,1422,203,552,646,646,646,651,635,635,635,635,214,636,636
1096-1026-0-RVRE,622,570,570,570,570,570,570,570,570,570,570,570,570,570,570,570,570,570,570,570,570,568,570,571,570,570,1990,1557,1991,1992,1991,1991,2004,2004,1999,1999,1999,1996,1994,1996,1991,1991,1989,1955,1955,1955,1991,1991,1990,1991,1991,1991,1991,1991,1990,1991,1989,1991,1991,1992,1989,1991,1991,1982,1990,1563,1991,1988,1991,1991,1991,1991,1991,1991,1991,1991,1977,1985,1982,1983,1983,23,25,25,23,23,23,23,23,24,23,23,25,25,21,28,28,28,26,27,27,26,28,28,50,26,26,28,28,27,28,26,26,26,28,29,29,500,23,1421,41,42,41,41,28,28,28,28,29,29,41,40,40,312,312,302,311,309,1423,203,537,631,631,631,635,621,621,621,621,200,622,622
1278-1019-30-RVRE,622,570,570,570,570,570,570,570,570,570,570,570,570,570,570,570,570,570,570,570,570,568,570,571,570,570,1990,1557,1991,1992,1991,1991,2004,2005,1999,1999,1999,1996,1994,1996,1991,1991,1989,1955,1955,1955,1991,1991,1990,1991,1991,1991,1991,1991,1990,1991,1989,1991,1991,1992,1989,1991,1991,1982,1990,1563,1991,1988,1991,1991,1991,1991,1991,1991,1991,1991,1977,1985,1982,1983,1983,23,25,25,23,23,23,23,23,24,23,23,25,25,21,28,28,28,26,27,27,26,28,28,50,26,26,28,28,27,28,26,26,26,28,29,29,500,23,1421,41,42,41,41,28,28,28,28,29,29,41,40,40,312,312,302,311,309,1423,203,537,631,631,631,635,621,621,621,621,200,622,622
1644-3031-14-RVRE,621,570,570,570,570,570,570,570,570,570,570,570,570,570,570,570,570,570,570,570,570,568,570,570,570,570,1990,1557,1991,1991,1991,1991,1999,1999,2002,2002,1999,1996,1994,1996,1991,1991,1989,1955,1955,1955,1991,1991,1990,1991,1991,1991,1991,1991,1990,1991,1989,1991,1991,1991,1989,1991,1991,1982,1990,1563,1991,1988,1991,1991,1991,1991,1991,1991,1991,1990,1977,1985,1981,1982,1982,23,25,25,23,23,23,23,23,23,23,23,25,25,21,28,28,28,26,27,26,26,28,28,49,26,26,28,28,27,28,26,26,26,28,29,29,500,23,1420,40,41,40,40,27,27,27,27,28,28,40,39,40,311,311,301,310,308,1422,203,537,631,631,631,635,620,620,620,620,199,621,621
702-3020-0-RVRE,621,570,570,570,570,570,570,570,570,570,570,570,570,570,570,570,570,570,570,570,570,568,570,570,570,570,1990,1557,1991,1991,1991,1991,1999,1999,2002,2002,1999,1996,1994,1996,1991,1991,1989,1955,1955,1955,1991,1991,1990,1991,1991,1991,1991,1991,1990,1991,1989,1991,1991,1991,1989,1991,1991,1982,1990,1563,1991,1988,1991,1991,1991,1991,1991,1991,1991,1990,1977,1985,1981,1982,1982,23,25,25,23,23,23,23,23,23,23,23,25,25,21,28,28,28,26,27,26,26,28,28,49,26,26,28,28,27,28,26,26,26,28,29,29,500,23,1420,40,41,40,40,27,27,27,27,28,28,40,39,40,311,311,301,310,308,1422,203,537,631,631,631,635,620,620,620,620,199,621,621
5080-2051-0-HVRE,622,571,571,571,571,571,571,571,570,571,571,571,571,571,571,571,571,571,571,571,571,569,571,571,571,571,1990,1557,1991,1991,1991,1991,1999,1999,1999,1999,2002,1996,1994,1996,1991,1991,1989,1955,1955,1955,1991,1991,1990,1991,1991,1991,1991,1991,1990,1991,1989,1991,1991,1991,1989,1991,1991,1982,1990,1563,1991,1988,1991,1991,1991,1991,1991,1991,1991,1990,1977,1985,1981,1982,1982,23,25,25,23,23,23,23,23,23,23,23,25,25,21,28,28,28,26,27,27,26,28,28,49,26,26,28,28,27,28,26,26,26,28,29,29,500,23,1420,40,41,40,40,27,27,27,27,28,28,40,39,40,311,311,302,310,308,1422,203,537,632,632,632,635,621,621,621,621,200,622,622
1543-4028-0-GVRE,636,585,585,585,585,585,585,585,585,585,585,585,585,585,585,585,585,585,585,585,585,583,585,585,585,585,1989,1556,1990,1990,2005,2005,1996,1996,1996,1996,1996,2027,2019,2017,1990,1990,1988,1954,1954,1954,1990,1990,2004,2005,1990,1990,1990,1995,2004,1990,1988,1990,1990,1990,1988,1990,2005,1996,1989,1577,2005,1987,1990,2005,1990,1990,1990,1990,1990,1989,1991,1984,1995,1996,1996,22,24,24,22,22,22,22,22,22,22,22,24,24,35,28,43,43,41,27,26,26,28,28,49,41,41,28,28,27,28,26,26,26,43,44,29,500,23,1418,55,56,55,55,27,27,27,27,28,28,40,54,40,326,326,316,325,323,1422,203,552,646,646,646,650,635,635,635,635,214,636,636
1638-6008-0-RVRE,636,585,585,585,585,585,585,585,585,585,585,585,585,585,585,585,585,585,585,585,585,583,585,585,585,585,1987,1554,1988,1988,2003,2003,1994,1994,1994,1994,1994,2019,2029,2015,1988,1988,1986,1952,1952,1952,1988,1988,2002,2003,1988,1988,1988,1993,2002,1988,1986,1988,1988,1988,1986,1988,2003,1994,1987,1575,2003,1985,1988,2003,1988,1988,1988,1988,1988,1987,1989,1982,1993,1994,1994,22,24,24,22,22,22,22,22,22,22,22,24,24,35,28,43,43,41,27,26,26,28,28,49,41,41,28,28,27,28,26,26,26,43,44,29,500,23,1416,55,56,55,55,27,27,27,27,28,28,40,54,40,326,326,316,325,323,1420,203,552,646,646,646,650,635,635,635,635,214,636,636
236-4004-0-RVRE,636,585,585,585,585,585,585,585,585,585,585,585,585,585,585,585,585,585,585,585,585,583,585,585,585,585,1989,1556,1990,1990,2005,2005,1996,1996,1996,1996,1996,2017,2015,2025,1990,1990,1988,1954,1954,1954,1990,1990,2004,2005,1990,1990,1990,1995,2004,1990,1988,1990,1990,1990,1988,1990,2005,1996,1989,1577,2005,1987,1990,2005,1990,1990,1990,1990,1990,1989,1991,1984,1995,1996,1996,22,24,24,22,22,22,22,22,22,22,22,24,24,35,28,43,43,41,27,26,26,28,28,49,41,41,28,28,27,28,26,26,26,43,44,29,500,23,1418,55,56,55,55,27,27,27,27,28,28,40,54,40,326,326,316,325,323,1422,203,552,646,646,646,650,635,635,635,635,214,636,636
1137-4020-14-RVRE,623,572,572,572,572,572,572,572,572,572,572,572,572,572,572,572,572,572,572,572,572,570,572,572,572,572,1990,1557,1991,1991,1991,1991,1991,1991,1991,1991,1991,1990,1988,1990,2007,2000,1998,1960,1960,1960,1993,1993,1992,1993,1993,1993,1993,1993,1992,1993,1993,1993,1993,1993,1989,1991,1991,1982,1990,1563,1991,1990,1991,1991,1991,1991,1991,1991,1991,1990,1977,1985,1981,1982,1982,23,25,25,23,23,23,23,23,23,23,23,25,25,23,30,30,30,28,29,28,28,30,30,51,28,28,30,30,29,30,28,28,28,30,31,31,502,25,1418,40,41,40,40,27,27,27,27,28,28,40,41,40,313,313,303,312,310,1422,205,539,633,633,633,637,622,622,622,622,201,623,623
219-2005-0-RVRE,625,572,572,572,572,572,572,572,574,572,572,574,572,572,572,572,572,572,572,572,572,570,572,572,572,572,1990,1557,1991,1991,1991,1991,1991,1991,1991,1991,1991,1990,1988,1990,2000,2008,2003,1962,1962,1962,1993,1993,1992,1993,1993,1993,1993,1993,1994,1993,1993,1993,1993,1993,1989,1991,1991,1982,1992,1563,1991,1990,1991,1991,1991,1991,1991,1991,1991,1990,1977,1985,1981,1982,1982,23,25,25,23,23,23,23,23,23,23,23,25,25,23,30,30,30,28,29,28,28,30,30,53,28,28,30,30,29,30,28,28,28,30,31,33,502,25,1418,40,41,40,40,29,29,29,29,30,30,40,41,40,314,314,304,313,311,1422,206,541,635,635,635,639,624,624,624,624,203,625,625
711-4015-0-RVRE,621,570,570,570,570,570,570,570,570,570,570,570,570,575,570,570,570,570,570,570,570,586,570,570,570,570,1988,1573,1989,1989,1989,1989,1989,1989,1989,1989,1989,1988,1986,1988,1998,2003,2022,1958,1958,1958,1991,1991,1990,1991,1991,1991,1991,1991,1990,1991,1991,1991,1991,1991,2005,1989,1989,1980,1988,1561,1989,1988,1989,1989,1989,1989,1989,1989,1989,1988,1975,1983,1994,1995,1995,39,23,23,39,39,39,39,39,39,39,39,23,23,39,28,28,28,44,45,44,44,28,28,49,44,44,28,28,45,28,44,44,44,28,29,29,500,35,1416,38,39,38,38,25,25,25,25,26,26,38,39,38,311,311,301,310,308,1420,207,552,631,631,631,635,624,620,620,620,199,621,621
4313-6035-0-GVRE,729,564,564,564,564,564,564,564,566,564,564,566,564,564,564,564,564,564,564,564,564,562,564,564,564,564,1954,1521,1955,1955,1955,1955,1955,1955,1955,1955,1955,1954,1952,1954,1960,1962,1958,2075,2075,2075,1957,1957,1956,1957,1957,1957,1957,1957,1958,1957,1955,1957,1957,1957,1953,1955,1955,1946,1957,1527,1955,1952,1955,1955,1955,1955,1955,1955,1955,1954,1941,1949,1945,1946,1946,52,54,54,52,52,52,52,52,52,52,52,54,54,50,57,57,57,55,56,55,55,57,57,155,55,55,57,57,56,57,55,55,55,57,58,60,529,52,1380,69,70,69,69,36,36,36,36,37,38,69,68,69,321,321,311,320,319,1386,283,546,640,640,640,644,728,728,728,728,307,729,729
4462-6037-0-RVRE,729,564,564,564,564,564,564,564,566,564,564,566,564,564,564,564,564,564,564,564,564,562,564,564,564,564,1954,1521,1955,1955,1955,1955,1955,1955,1955,1955,1955,1954,1952,1954,1960,1962,1958,2075,2075,2075,1957,1957,1956,1957,1957,1957,1957,1957,1958,1957,1955,1957,1957,1957,1953,1955,1955,1946,1957,1527,1955,1952,1955,1955,1955,1955,1955,1955,1955,1954,1941,1949,1945,1946,1946,52,54,54,52,52,52,52,52,52,52,52,54,54,50,57,57,57,55,56,55,55,57,57,155,55,55,57,57,56,57,55,55,55,57,58,60,529,52,1380,69,70,69,69,36,36,36,36,37,38,69,68,69,321,321,311,320,319,1386,283,546,640,640,640,644,728,728,728,728,307,729,729
6077-4098-0-GVRE,729,564,564,564,564,564,564,564,566,564,564,566,564,564,564,564,564,564,564,564,564,562,564,564,564,564,1954,1521,1955,1955,1955,1955,1955,1955,1955,1955,1955,1954,1952,1954,1960,1962,1958,2075,2075,2078,1957,1957,1956,1957,1957,1957,1957,1957,1958,1957,1955,1957,1957,1957,1953,1955,1955,1946,1957,1527,1955,1952,1955,1955,1955,1955,1955,1955,1955,1954,1941,1949,1945,1946,1946,52,54,54,52,52,52,52,52,52,52,52,54,54,50,57,57,57,55,56,55,55,57,57,155,55,55,57,57,56,57,55,55,55,57,58,60,529,52,1380,69,70,69,69,36,36,36,36,37,38,69,68,69,321,321,311,320,319,1386,283,546,640,640,640,644,728,728,728,728,307,729,729
1455-4025-0-RVRE,622,571,571,571,571,571,571,571,571,571,571,571,571,571,571,571,571,571,571,571,571,569,571,571,571,571,1990,1558,1991,1994,1991,1991,1991,1991,1991,1991,1991,1990,1988,1990,1993,1993,1991,1957,1957,1957,2027,2001,2000,2001,2001,1993,1993,1993,1992,1996,1994,1993,1993,1993,1992,1994,1991,1983,1990,1563,1991,1988,1994,1991,1994,1994,1994,1994,1994,1990,1978,1988,1981,1982,1982,23,25,25,23,23,23,23,26,26,26,23,25,25,21,32,29,29,27,31,30,30,32,32,53,27,27,32,32,31,32,30,30,30,29,30,30,504,27,1416,40,41,40,40,28,28,28,28,29,29,40,39,40,311,311,302,310,308,1425,207,538,632,632,632,636,621,621,621,621,200,622,622
2963-2031-14-RVRE,622,571,571,571,571,571,571,571,571,571,571,571,571,571,571,571,571,571,571,571,571,569,571,571,571,571,1990,1558,1991,1991,1991,1991,1991,1991,1991,1991,1991,1990,1988,1990,1993,1993,1991,1957,1957,1957,2001,2016,2012,2013,2007,1993,1993,1993,1992,1993,1991,1993,1993,1993,1989,1991,1991,1983,1990,1563,1991,1988,1991,1991,1991,1991,1991,1991,1991,1990,1978,1985,1981,1982,1982,23,25,25,23,23,23,23,23,23,23,23,25,25,21,29,29,29,27,28,27,27,29,29,50,27,27,29,29,28,29,27,27,27,29,30,30,501,24,1416,40,41,40,40,28,28,28,28,29,29,40,39,40,311,311,302,310,308,1422,204,538,632,632,632,636,621,621,621,621,200,622,622
4922-2049-0-RVRE,637,586,586,586,586,586,586,586,586,586,586,586,586,586,586,586,586,586,586,586,586,584,586,586,586,586,1990,1557,1990,1990,2005,2005,1990,1990,1990,1990,1990,2004,2002,2004,1992,1992,1990,1956,1956,1956,2000,2012,2030,2030,2006,1992,1992,1997,2007,1992,1990,1992,1992,1992,1988,1990,2005,1997,1989,1577,2005,1987,1990,2005,1990,1990,1990,1990,1990,1989,1992,1984,1995,1996,1996,23,25,25,23,23,23,23,23,23,23,23,25,25,36,29,44,44,42,28,27,27,29,29,50,42,42,29,29,28,29,27,27,27,44,45,30,501,24,1415,55,56,55,55,28,28,28,28,29,29,40,54,40,326,326,317,325,323,1421,204,553,647,647,647,651,636,636,636,636,215,637,637
5363-2050-14-RVRE,637,586,586,586,586,586,586,586,586,586,586,586,586,586,586,586,586,586,586,586,586,584,586,586,586,586,1990,1558,1991,1991,2006,2006,1991,1991,1991,1991,1991,2005,2003,2005,1993,1993,1991,1957,1957,1957,2001,2013,2030,2031,2007,1993,1993,1998,2007,1993,1991,1993,1993,1993,1989,1991,2006,1998,1990,1578,2006,1988,1991,2006,1991,1991,1991,1991,1991,1990,1993,1985,1996,1997,1997,23,25,25,23,23,23,23,23,23,23,23,25,25,36,29,44,44,42,28,27,27,29,29,50,42,42,29,29,28,29,27,27,27,44,45,30,501,24,1416,55,56,55,55,28,28,28,28,29,29,40,54,40,326,326,317,325,323,1422,204,553,647,647,647,651,636,636,636,636,215,637,637
80-2003-0-RVRE,622,571,571,571,571,571,571,571,571,571,571,571,571,571,571,571,571,571,571,571,571,569,571,571,571,571,1990,1558,1991,1991,1991,1991,1991,1991,1991,1991,1991,1990,1988,1990,1993,1993,1991,1957,1957,1957,2001,2007,2006,2007,2013,1993,1993,1993,1992,1993,1991,1993,1993,1993,1989,1991,1991,1983,1990,1563,1991,1988,1991,1991,1991,1991,1991,1991,1991,1990,1978,1985,1981,1982,1982,23,25,25,23,23,23,23,23,23,23,23,25,25,21,29,29,29,27,28,27,27,29,29,50,27,27,29,29,28,29,27,27,27,29,30,30,501,24,1416,40,41,40,40,28,28,28,28,29,29,40,39,40,311,311,302,310,308,1422,204,538,632,632,632,636,621,621,621,621,200,622,622
1463-1033-0-HVRE,623,572,572,572,572,572,572,572,572,572,572,572,572,572,572,572,572,572,572,572,572,570,572,572,572,572,1990,1557,1991,1991,1991,1991,1991,1991,1991,1991,1991,1990,1988,1990,1993,1993,1991,1957,1957,1957,1993,1993,1992,1993,1993,2015,2005,2005,2004,2005,2003,2004,1997,1997,1989,1991,1991,1982,1990,1563,1991,1988,1991,1991,1991,1991,1991,1991,1991,1990,1977,1985,1981,1982,1982,23,25,25,23,23,23,23,23,23,23,23,25,25,21,28,28,28,26,27,26,26,28,28,49,26,26,28,28,27,28,26,28,26,28,29,29,500,23,1416,42,41,40,42,27,27,27,27,28,28,40,39,42,313,313,303,312,310,1422,205,539,633,633,633,637,622,622,622,622,201,623,623
2471-4044-0-GVRE,621,570,570,570,570,570,570,570,570,570,570,570,570,570,570,570,570,570,570,570,570,568,570,570,570,570,1990,1557,1991,1991,1991,1991,1991,1991,1991,1991,1991,1990,1988,1990,1993,1993,1991,1957,1957,1957,1993,1993,1992,1993,1993,2005,2013,2009,2004,2005,2003,2004,1997,1997,1989,1991,1991,1982,1990,1563,1991,1988,1991,1991,1991,1991,1991,1991,1991,1990,1977,1985,1981,1982,1982,23,25,25,23,23,23,23,23,23,23,23,25,25,21,28,28,28,26,27,26,26,28,28,49,26,26,28,28,27,28,26,26,26,28,29,29,500,23,1416,40,41,40,40,27,27,27,27,28,28,40,39,40,311,311,301,310,308,1422,203,537,631,631,631,635,620,620,620,620,199,621,621
2492-6012-14-GVRE,626,575,575,575,575,575,575,575,575,575,575,575,575,575,575,575,575,575,575,575,575,573,575,575,575,575,1990,1557,1991,1991,1996,1996,1991,1991,1991,1991,1991,1995,1993,1995,1993,1993,1991,1957,1957,1957,1993,1993,1997,1998,1993,2005,2009,2019,2009,2005,2003,2004,1997,1997,1989,1991,1996,1987,1990,1568,1996,1988,1991,1996,1991,1991,1991,1991,1991,1990,1982,1985,1986,1987,1987,23,25,25,23,23,23,23,23,23,23,23,25,25,26,28,33,33,31,27,26,26,28,28,49,31,31,28,28,27,28,26,26,26,33,34,29,500,23,1416,45,46,45,45,27,27,27,27,28,28,40,44,40,316,316,306,315,313,1422,203,542,636,636,636,640,625,625,625,625,204,626,626
8512-3145-0-RVRE,638,585,585,585,585,585,585,585,587,585,585,587,585,585,585,585,585,585,585,585,585,583,585,585,585,585,1990,1556,1990,1990,2005,2005,1990,1990,1990,1990,1990,2004,2002,2004,1992,1994,1990,1958,1958,1958,1992,1992,2007,2007,1992,2004,2004,2009,2035,2004,2002,2003,1996,1996,1988,1990,2005,1996,1991,1577,2005,1987,1990,2005,1990,1990,1990,1990,1990,1989,1991,1984,1995,1996,1996,23,25,25,23,23,23,23,23,23,23,23,25,25,36,28,43,43,41,27,26,26,28,28,51,41,41,28,28,27,28,26,26,26,43,44,31,500,23,1415,55,56,55,55,29,29,29,29,30,30,40,54,40,326,326,316,325,323,1421,204,554,648,648,648,652,637,637,637,637,216,638,638
8088-3137-0-RVRE,621,570,570,570,570,570,570,570,570,570,570,570,570,570,570,570,570,570,570,570,570,568,570,570,570,570,1990,1557,1991,1994,1991,1991,1991,1991,1991,1991,1991,1990,1988,1990,1993,1993,1991,1957,1957,1957,1996,1993,1992,1993,1993,2005,2005,2005,2004,2029,2027,2004,1997,1997,1992,1994,1991,1982,1990,1563,1991,1988,1994,1991,1994,1994,1994,1994,1994,1990,1977,1988,1981,1982,1982,23,25,25,23,23,23,23,26,26,26,23,25,25,21,31,28,28,26,30,29,29,31,31,52,26,26,31,31,30,31,29,29,29,28,29,29,503,26,1416,40,41,40,40,27,27,27,27,28,28,40,39,40,311,311,301,310,308,1425,206,537,631,631,631,635,620,620,620,620,199,621,621
8513-3147-0-RVRE,771,718,718,718,718,718,718,718,718,718,718,718,718,718,718,718,718,718,718,718,718,716,718,718,718,718,1988,1555,1989,1992,1989,1989,1989,1989,1989,1989,1989,1988,1986,1988,1993,1993,1991,1955,1955,1955,1994,1991,1990,1991,1991,2003,2003,2003,2002,2027,2179,2002,1995,1995,1990,1992,1989,1980,1988,1561,1989,2138,1992,1989,1992,1992,1992,1992,1992,1988,1976,1987,1980,1981,1981,21,23,23,21,21,21,21,24,24,24,21,23,23,168,179,176,176,174,178,177,177,179,179,200,174,174,179,179,178,179,177,177,177,176,177,177,651,174,1564,39,40,39,39,26,26,26,26,27,27,39,189,39,459,459,449,458,456,1424,354,685,779,779,779,783,768,768,768,768,347,769,769
898-4011-30-GVRE,621,570,570,570,570,570,570,570,570,570,570,570,570,570,570,570,570,570,570,570,570,568,570,570,570,570,1990,1557,1991,1991,1991,1991,1991,1991,1991,1991,1991,1990,1988,1990,1993,1993,1991,1957,1957,1957,1993,1993,1992,1993,1993,2004,2004,2004,2003,2004,2002,2012,1997,1997,1989,1991,1991,1982,1990,1563,1991,1988,1991,1991,1991,1991,1991,1991,1991,1990,1977,1985,1981,1982,1982,23,25,25,23,23,23,23,23,23,23,23,25,25,21,28,28,28,26,27,26,26,28,28,49,26,26,28,28,27,28,26,26,26,28,29,29,500,23,1416,40,41,40,40,27,27,27,27,28,28,40,39,40,311,311,301,310,308,1422,203,537,631,631,631,635,620,620,620,620,199,621,621
609-6002-30-RVRE,621,570,570,570,570,570,570,570,570,570,570,570,570,570,570,570,570,570,570,570,570,568,570,570,570,570,1990,1557,1991,1991,1991,1991,1991,1991,1991,1991,1991,1990,1988,1990,1993,1993,1991,1957,1957,1957,1993,1993,1992,1993,1993,1997,1997,1997,1996,1997,1995,1997,2008,1997,1989,1991,1991,1982,1990,1563,1991,1988,1991,1991,1991,1991,1991,1991,1991,1990,1977,1985,1981,1982,1982,23,25,25,23,23,23,23,23,23,23,23,25,25,21,28,28,28,26,27,26,26,28,28,49,26,26,28,28,27,28,26,26,26,28,29,29,500,23,1416,40,41,40,40,27,27,27,27,28,28,40,39,40,311,311,301,310,308,1422,203,537,631,631,631,635,620,620,620,620,199,621,621
4362-6036-0-RVRE,623,570,570,570,570,570,570,570,570,570,570,570,570,570,570,570,570,570,570,570,570,568,570,571,570,570,1990,1558,1991,1992,1991,1991,1992,1992,1991,1991,1991,1990,1988,1990,1993,1993,1991,1957,1957,1957,1993,1993,1992,1993,1993,1997,1997,1997,1996,1997,1995,1997,1997,2012,1989,1991,1991,1982,1990,1563,1991,1988,1991,1991,1991,1991,1991,1991,1991,1991,1978,1985,1982,1983,1983,23,25,25,23,23,23,23,23,24,23,23,25,25,21,28,28,28,26,27,27,26,28,28,50,26,26,28,28,27,28,26,26,26,28,29,29,500,23,1417,41,42,41,41,28,28,28,28,29,29,41,40,40,312,312,303,311,309,1423,204,537,631,631,631,635,621,621,621,621,200,622,622
4693-4077-0-HVRE,619,568,568,568,568,568,568,568,568,569,568,568,568,573,568,568,568,568,568,568,568,584,568,568,568,568,1988,1573,1989,1992,1989,1989,1989,1989,1989,1989,1989,1988,1986,1988,1989,1989,2005,1953,1953,1953,1992,1989,1988,1989,1989,1989,1989,1989,1988,1992,1990,1989,1989,1989,2030,1992,1989,1980,1988,1561,1989,1986,1992,1989,1992,1992,1992,1992,1993,1988,1975,1986,1994,1995,1995,40,24,24,40,40,40,40,43,43,43,40,24,24,38,29,26,26,42,46,45,45,29,29,50,42,42,30,29,46,29,45,45,45,26,27,27,501,36,1414,38,39,38,38,25,25,25,25,26,26,38,37,38,309,309,299,308,306,1423,208,550,629,629,629,633,623,618,618,618,197,619,619
4007-5020-0-RVRE,625,574,574,574,574,574,574,574,574,574,574,574,574,574,574,574,574,574,574,574,574,572,574,574,574,574,1990,1561,1991,1994,1991,1991,1991,1991,1991,1991,1991,1990,1988,1990,1991,1991,1989,1955,1955,1955,1994,1991,1990,1991,1991,1991,1991,1991,1990,1994,1992,1991,1991,1991,1992,2015,1991,1986,1990,1564,1991,1988,1994,1991,1994,1994,1994,1994,1994,1990,1981,1988,1981,1982,1982,23,25,25,23,23,23,23,26,26,26,23,25,25,21,35,32,32,30,34,33,33,35,35,56,30,30,35,35,34,35,33,33,33,32,34,33,507,30,1416,40,41,40,40,31,31,31,32,32,33,40,39,40,311,311,305,310,308,1425,210,541,635,635,635,639,624,624,624,624,203,625,625
4031-J032-1-G-TIPmvre,636,585,585,585,585,585,585,585,585,585,585,585,585,585,585,585,585,585,585,585,585,583,585,585,585,585,1990,1557,1991,1991,2006,2006,1991,1991,1991,1991,1991,2005,2003,2005,1991,1991,1989,1955,1955,1955,1991,1991,2005,2006,1991,1991,1991,1996,2005,1991,1989,1991,1991,1991,1989,1991,2015,1997,1990,1578,2006,1988,1991,2006,1991,1991,1991,1991,1991,1990,1992,1985,1996,1997,1997,23,25,25,23,23,23,23,23,23,23,23,25,25,36,28,43,43,41,27,26,26,28,28,49,41,41,28,28,27,28,26,26,26,43,44,29,500,23,1416,55,56,55,55,27,27,27,27,28,28,40,54,40,326,326,316,325,323,1422,203,552,646,646,646,650,635,635,635,635,214,636,636
2026-4040-0-RVRE,835,784,784,784,784,784,784,784,784,784,784,784,784,784,784,784,784,784,784,784,784,782,784,784,784,784,1981,1752,1982,1982,1997,1997,1982,1982,1982,1982,1982,1996,1994,1996,1982,1982,1980,1946,1946,1946,1983,1983,1997,1998,1983,1982,1982,1987,1996,1982,1980,1982,1982,1982,1980,1986,1997,2239,1993,1579,2009,1987,1982,1997,1982,1982,1982,1982,1984,1981,2190,1976,1987,1988,1988,15,17,17,15,15,15,15,15,15,15,15,17,17,28,226,241,241,239,225,224,224,226,226,247,239,239,226,226,225,226,224,224,224,241,244,229,698,222,1407,47,48,47,47,226,226,226,226,227,227,32,46,33,318,318,515,317,315,1413,352,752,845,845,845,849,834,834,834,834,413,835,835
3744-F061-90-G-TIPmvre,623,570,570,570,570,570,570,570,576,570,570,572,570,570,570,570,570,570,570,570,570,568,570,570,570,570,1989,1556,1990,1990,1990,1990,1990,1990,1990,1990,1990,1989,1987,1989,1990,1992,1988,1957,1957,1957,1990,1990,1989,1990,1990,1990,1990,1990,1991,1990,1988,1990,1990,1990,1988,1990,1990,1993,2021,1573,2005,1993,1990,1990,1990,1990,1990,1990,1990,1993,1976,1984,1980,1981,1981,27,29,29,27,27,27,27,23,23,23,27,29,29,25,28,28,28,26,27,26,26,28,28,51,26,26,28,28,27,28,26,26,26,28,29,31,500,23,1415,40,41,40,40,33,33,33,33,34,34,44,43,44,315,315,305,314,312,1421,204,539,633,633,633,637,622,622,622,622,201,623,623
7600-3125-0-GVRE,215,164,164,164,164,164,164,164,164,164,164,164,164,165,164,164,164,164,164,164,164,163,164,164,164,164,1562,1569,1563,1563,1578,1578,1563,1563,1563,1563,1563,1577,1575,1577,1563,1563,1561,1527,1527,1527,1563,1563,1577,1578,1563,1563,1563,1568,1577,1563,1561,1563,1563,1563,1561,1564,1578,1579,1573,1678,1598,1565,1563,1578,1563,1563,1563,1563,1563,1562,1564,1557,1568,1569,1569,40,42,42,40,40,40,40,40,40,40,40,42,42,53,45,60,61,58,44,43,43,45,45,66,58,58,45,45,44,45,43,43,43,60,74,58,517,40,1433,60,61,60,60,32,32,32,33,33,34,45,59,83,331,331,321,330,328,1427,135,162,227,227,227,225,214,214,214,214,232,215,215
7891-2076-0-OVRE,636,585,585,585,585,585,585,585,585,585,585,585,585,586,585,585,585,585,585,585,585,584,585,585,585,585,1990,1557,1991,1991,2006,2006,1991,1991,1991,1991,1991,2005,2003,2005,1991,1991,1989,1955,1955,1955,1991,1991,2005,2006,1991,1991,1991,1996,2005,1991,1989,1991,1991,1991,1989,1991,2006,2009,2005,1598,2045,1994,1991,2006,1991,1991,1991,1991,1991,1990,1992,1985,1996,1997,1997,23,25,25,23,23,23,23,23,23,23,23,25,25,36,28,43,43,41,27,26,26,28,28,49,41,41,28,28,27,28,26,26,26,43,44,29,500,23,1416,55,56,55,55,27,27,27,27,28,28,40,54,40,326,326,316,325,323,1422,203,552,646,646,646,650,635,635,635,635,214,636,636
5232-4088-0-RVRE,826,772,772,772,772,772,772,772,772,772,772,772,772,772,772,772,772,772,772,772,772,770,772,772,772,772,1987,1554,1988,1988,1988,1988,1988,1988,1988,1988,1988,1987,1985,1987,1990,1990,1988,1952,1952,1952,1988,1988,1987,1988,1988,1988,1988,1988,1987,1988,2138,1988,1988,1988,1986,1988,1988,1987,1993,1565,1994,2224,1988,1988,1988,1988,1988,1988,1988,1987,1978,1984,1980,1981,1981,21,23,23,21,21,21,21,21,21,21,21,23,23,168,226,226,226,224,225,224,224,226,226,247,224,224,226,226,225,226,224,224,224,226,227,227,698,221,1612,39,40,39,39,58,58,58,58,59,59,39,225,39,511,511,503,510,508,1421,405,739,833,833,833,837,823,823,823,823,402,824,824
217-2001-30-HVRE,621,570,570,570,570,570,570,570,570,570,570,570,570,570,570,570,570,570,570,570,570,568,570,570,570,570,1990,1557,1991,1994,1991,1991,1991,1991,1991,1991,1991,1990,1988,1990,1991,1991,1989,1955,1955,1955,1994,1991,1990,1991,1991,1991,1991,1991,1990,1994,1992,1991,1991,1991,1992,1994,1991,1982,1990,1563,1991,1988,2006,2000,2003,2002,2000,1997,1997,1991,1977,1988,1981,1982,1982,23,25,25,23,23,23,23,26,26,26,23,25,25,21,31,28,28,26,30,29,29,31,31,52,26,26,31,31,30,31,29,29,29,28,29,29,503,26,1416,40,41,40,40,27,27,27,27,28,28,40,39,40,311,311,301,310,308,1425,206,537,631,631,631,635,620,620,620,620,199,621,621
5856-4095-0-GVRE,636,585,585,585,585,585,585,585,585,585,585,585,585,585,585,585,585,585,585,585,585,583,585,585,585,585,1990,1557,1991,1991,2006,2006,1991,1991,1991,1991,1991,2005,2003,2005,1991,1991,1989,1955,1955,1955,1991,1991,2005,2006,1991,1991,1991,1996,2005,1991,1989,1991,1991,1991,1989,1991,2006,1997,1990,1578,2006,1988,2000,2020,2002,1999,1997,1994,1994,1991,1992,1985,1996,1997,1997,23,25,25,23,23,23,23,23,23,23,23,25,25,36,28,43,43,41,27,26,26,28,28,49,41,41,28,28,27,28,26,26,26,43,44,29,500,23,1416,55,56,55,55,27,27,27,27,28,28,40,54,40,326,326,316,325,323,1422,203,552,646,646,646,650,635,635,635,635,214,636,636
851-5002-0-RVRE,621,570,570,570,570,570,570,570,570,570,570,570,570,570,570,570,570,570,570,570,570,568,570,570,570,570,1990,1557,1991,1994,1991,1991,1991,1991,1991,1991,1991,1990,1988,1990,1991,1991,1989,1955,1955,1955,1994,1991,1990,1991,1991,1991,1991,1991,1990,1994,1992,1991,1991,1991,1992,1994,1991,1982,1990,1563,1991,1988,2003,2002,2006,2002,2000,1997,1997,1991,1977,1988,1981,1982,1982,23,25,25,23,23,23,23,26,26,26,23,25,25,21,31,28,28,26,30,29,29,31,31,52,26,26,31,31,30,31,29,29,29,28,29,29,503,26,1416,40,41,40,40,27,27,27,27,28,28,40,39,40,311,311,301,310,308,1425,206,537,631,631,631,635,620,620,620,620,199,621,621
409-1015-0-RVRE,621,570,570,570,570,570,570,570,570,570,570,570,570,570,570,570,570,570,570,570,570,568,570,570,570,570,1990,1557,1991,1994,1991,1991,1991,1991,1991,1991,1991,1990,1988,1990,1991,1991,1989,1955,1955,1955,1994,1991,1990,1991,1991,1991,1991,1991,1990,1994,1992,1991,1991,1991,1992,1994,1991,1982,1990,1563,1991,1988,2002,1999,2002,2003,2000,1997,1997,1991,1977,1988,1981,1982,1982,23,25,25,23,23,23,23,26,26,26,23,25,25,21,31,28,28,26,30,29,29,31,31,52,26,26,31,31,30,31,29,29,29,28,29,29,503,26,1416,40,41,40,40,27,27,27,27,28,28,40,39,40,311,311,301,310,308,1425,206,537,631,631,631,635,620,620,620,620,199,621,621
3884-J030-1-G-TIPmvre,621,570,570,570,570,570,570,570,570,570,570,570,570,570,570,570,570,570,570,570,570,568,570,570,570,570,1990,1557,1991,1994,1991,1991,1991,1991,1991,1991,1991,1990,1988,1990,1991,1991,1989,1955,1955,1955,1994,1991,1990,1991,1991,1991,1991,1991,1990,1994,1992,1991,1991,1991,1992,1994,1991,1982,1990,1563,1991,1988,2000,1997,2000,2000,2009,1997,1997,1991,1977,1988,1981,1982,1982,23,25,25,23,23,23,23,26,26,26,23,25,25,21,31,28,28,26,30,29,29,31,31,52,26,26,31,31,30,31,29,29,29,28,29,29,503,26,1416,40,41,40,40,27,27,27,27,28,28,40,39,40,311,311,301,310,308,1425,206,537,631,631,631,635,620,620,620,620,199,621,621
3070-L011-1-G-TIPmvre,621,570,570,570,570,570,570,570,570,570,570,570,570,570,570,570,570,570,570,570,570,568,570,570,570,570,1990,1557,1991,1994,1991,1991,1991,1991,1991,1991,1991,1990,1988,1990,1991,1991,1989,1955,1955,1955,1994,1991,1990,1991,1991,1991,1991,1991,1990,1994,1992,1991,1991,1991,1992,1994,1991,1982,1990,1563,1991,1988,1997,1994,1997,1997,1997,2000,1997,1991,1977,1988,1981,1982,1982,23,25,25,23,23,23,23,26,26,26,23,25,25,21,31,28,28,26,30,29,29,31,31,52,26,26,31,31,30,31,29,29,29,28,29,29,503,26,1416,40,41,40,40,27,27,27,27,28,28,40,39,40,311,311,301,310,308,1425,206,537,631,631,631,635,620,620,620,620,199,621,621
3686-C018-1-R-TIPmvre,623,572,572,572,572,572,572,572,572,573,572,572,572,572,572,572,572,572,572,572,572,570,572,572,572,572,1990,1559,1991,1994,1991,1991,1991,1991,1991,1991,1991,1990,1988,1990,1991,1991,1989,1955,1955,1955,1994,1991,1990,1991,1991,1991,1991,1991,1990,1994,1992,1991,1991,1991,1993,1994,1991,1984,1990,1563,1991,1988,1997,1994,1997,1997,1997,1997,2009,1992,1979,1988,1981,1982,1982,23,25,25,23,23,23,23,26,26,26,23,25,25,21,33,30,30,28,32,31,31,33,33,54,28,28,34,33,32,33,31,31,31,30,31,31,505,28,1416,40,41,40,40,29,29,29,29,30,30,40,39,40,311,311,303,310,308,1425,208,539,633,633,633,637,623,622,622,622,201,623,623
6697-4104-0-GVRE,622,570,570,570,570,570,570,570,574,570,570,570,570,570,570,570,570,570,570,570,570,568,570,571,570,570,1989,1556,1990,1991,1990,1990,1991,1991,1990,1990,1990,1989,1987,1989,1990,1990,1988,1954,1954,1954,1990,1990,1989,1990,1990,1990,1990,1990,1989,1990,1988,1990,1990,1991,1988,1990,1990,1981,1993,1562,1990,1987,1991,1991,1991,1991,1991,1991,1992,2003,1976,1984,1981,1982,1982,27,29,29,27,27,27,27,23,24,23,27,29,29,25,28,28,28,26,27,27,26,28,28,50,26,26,28,28,27,28,26,26,26,28,29,29,500,23,1416,41,42,41,41,32,32,32,32,33,33,45,44,44,316,316,306,315,313,1422,203,537,631,631,631,635,621,621,621,621,200,622,622
697-3019-0-RVRE,843,791,791,791,791,791,791,791,791,791,791,791,791,791,791,791,791,791,791,791,791,789,791,791,791,791,1976,1748,1977,1977,1992,1992,1977,1977,1977,1977,1977,1991,1989,1991,1977,1977,1975,1941,1941,1941,1978,1978,1992,1993,1978,1977,1977,1982,1991,1977,1976,1977,1977,1978,1975,1981,1992,2190,1976,1564,1992,1978,1977,1992,1977,1977,1977,1977,1979,1976,2223,1976,1987,1988,1988,13,15,15,13,13,13,13,13,13,13,13,15,15,27,233,248,248,246,232,231,231,233,233,254,246,246,233,233,232,233,231,231,231,248,250,235,706,229,1405,46,47,46,46,233,233,233,233,234,234,31,45,31,317,317,523,316,314,1413,355,758,852,852,852,856,841,841,841,841,420,842,842
5827-6047-14-RVRE,621,570,570,570,570,570,570,570,570,570,570,570,570,570,570,570,570,570,570,570,570,568,570,570,570,570,1984,1551,1985,1988,1985,1985,1985,1985,1985,1985,1985,1984,1982,1984,1985,1985,1983,1949,1949,1949,1988,1985,1984,1985,1985,1985,1985,1985,1984,1988,1987,1985,1985,1985,1986,1988,1985,1976,1984,1557,1985,1984,1988,1985,1988,1988,1988,1988,1988,1984,1976,2027,1981,1982,1982,21,23,23,21,21,21,21,24,24,24,21,23,23,20,31,28,28,26,30,29,29,31,31,52,26,26,31,31,30,31,29,29,29,28,29,29,503,26,1413,40,41,40,40,27,27,27,27,28,28,40,39,40,311,311,301,310,308,1425,206,537,631,631,631,635,620,620,620,620,199,621,621
4639-1079-0-RVRE,636,585,584,584,584,584,584,584,584,584,584,584,584,586,584,584,584,584,584,584,584,597,584,585,584,584,1980,1562,1981,1982,1996,1996,1982,1982,1981,1981,1981,1995,1993,1995,1981,1981,1994,1945,1945,1945,1981,1981,1995,1996,1981,1981,1981,1986,1995,1981,1980,1981,1981,1982,1994,1981,1996,1987,1980,1568,1996,1980,1981,1996,1981,1981,1981,1981,1981,1981,1987,1981,2044,2044,2044,35,22,22,35,35,35,35,35,36,35,35,22,22,49,26,41,41,54,40,40,39,26,26,48,54,54,26,26,40,26,40,39,39,41,42,27,497,33,1411,53,54,53,53,28,28,28,28,29,29,39,53,38,324,324,314,323,323,1419,202,566,645,645,645,649,639,635,635,635,214,636,636
4832-1081-0-GVRE,636,585,584,584,584,584,584,584,584,584,584,584,584,586,584,584,584,584,584,584,584,597,584,585,584,584,1981,1563,1982,1983,1997,1997,1983,1983,1982,1982,1982,1996,1994,1996,1982,1982,1995,1946,1946,1946,1982,1982,1996,1997,1982,1982,1982,1987,1996,1982,1981,1982,1982,1983,1995,1982,1997,1988,1981,1569,1997,1981,1982,1997,1982,1982,1982,1982,1982,1982,1988,1982,2044,2045,2045,35,22,22,35,35,35,35,35,36,35,35,22,22,49,26,41,41,54,40,40,39,26,26,48,54,54,26,26,40,26,40,39,39,41,42,27,497,33,1412,53,54,53,53,28,28,28,28,29,29,39,53,38,324,324,314,323,323,1420,202,566,645,645,645,649,639,635,635,635,214,636,636
5541-1082-30-RVRE,636,585,584,584,584,584,584,584,584,584,584,584,584,586,584,584,584,584,584,584,584,597,584,585,584,584,1981,1563,1982,1983,1997,1997,1983,1983,1982,1982,1982,1996,1994,1996,1982,1982,1995,1946,1946,1946,1982,1982,1996,1997,1982,1982,1982,1987,1996,1982,1981,1982,1982,1983,1995,1982,1997,1988,1981,1569,1997,1981,1982,1997,1982,1982,1982,1982,1982,1982,1988,1982,2044,2045,2045,35,22,22,35,35,35,35,35,36,35,35,22,22,49,26,41,41,54,40,40,39,26,26,48,54,54,26,26,40,26,40,39,39,41,42,27,497,33,1412,53,54,53,53,28,28,28,28,29,29,39,53,38,324,324,314,323,323,1420,202,566,645,645,645,649,639,635,635,635,214,636,636
1420-2021-0-RVRE,165,77,77,77,77,77,77,77,87,77,77,77,77,86,77,77,77,77,77,77,77,97,77,77,77,77,23,65,23,23,23,23,23,23,23,23,23,22,22,22,23,23,39,52,52,52,23,23,23,23,23,23,23,23,23,23,21,23,23,23,40,23,23,15,27,40,23,21,23,23,23,23,23,23,23,27,13,21,35,35,35,833,811,811,830,830,829,829,826,826,826,830,810,810,828,689,689,689,705,705,705,705,689,689,635,705,705,689,689,705,689,706,705,705,683,678,678,676,691,98,688,688,688,688,406,406,406,406,405,405,700,699,716,496,496,487,496,499,112,113,299,204,204,204,205,169,165,165,165,199,165,165
6304-2065-0-RVRE,167,79,79,79,79,79,79,79,89,79,79,79,79,79,79,79,79,79,79,79,79,77,79,79,79,79,25,49,25,25,25,25,25,25,25,25,25,24,24,24,25,25,23,54,54,54,25,25,25,25,25,25,25,25,25,25,23,25,25,25,24,25,25,17,29,42,25,23,25,25,25,25,25,25,25,29,15,23,22,22,22,811,816,816,810,810,809,809,806,806,806,810,812,812,808,691,691,691,689,689,689,689,691,691,637,689,689,691,691,689,691,690,689,689,685,680,680,678,681,100,690,690,690,690,408,408,408,408,407,407,702,701,718,498,498,489,498,501,114,107,286,206,206,206,207,167,167,167,167,201,167,167
6651-2067-0-RVRE,167,79,79,79,79,79,79,79,89,79,79,79,79,79,79,79,79,79,79,79,79,77,79,79,79,79,25,49,25,25,25,25,25,25,25,25,25,24,24,24,25,25,23,54,54,54,25,25,25,25,25,25,25,25,25,25,23,25,25,25,24,25,25,17,29,42,25,23,25,25,25,25,25,25,25,29,15,23,22,22,22,811,816,816,810,810,809,809,806,806,806,810,812,812,808,691,691,691,689,689,689,689,691,691,637,689,689,691,691,689,691,690,689,689,685,680,680,678,681,100,690,690,690,690,408,408,408,408,407,407,702,701,718,498,498,489,498,501,114,107,286,206,206,206,207,167,167,167,167,201,167,167
1488-4026-0-HVRE,165,77,77,77,77,77,77,77,87,77,77,77,77,86,77,77,77,77,77,77,77,97,77,77,77,77,23,65,23,23,23,23,23,23,23,23,23,22,22,22,23,23,39,52,52,52,23,23,23,23,23,23,23,23,23,23,21,23,23,23,40,23,23,15,27,40,23,21,23,23,23,23,23,23,23,27,13,21,35,35,35,830,810,810,840,831,830,829,826,826,826,830,810,810,828,689,689,689,705,705,705,705,689,689,635,705,705,689,689,705,689,706,705,705,683,678,678,676,691,98,688,688,688,688,406,406,406,406,405,405,700,699,716,496,496,487,496,499,112,113,299,204,204,204,205,169,165,165,165,199,165,165
1929-4036-0-GVRE,165,77,77,77,77,77,77,77,87,77,77,77,77,86,77,77,77,77,77,77,77,97,77,77,77,77,23,65,23,23,23,23,23,23,23,23,23,22,22,22,23,23,39,52,52,52,23,23,23,23,23,23,23,23,23,23,21,23,23,23,40,23,23,15,27,40,23,21,23,23,23,23,23,23,23,27,13,21,35,35,35,830,810,810,831,838,833,829,826,826,826,830,810,810,828,689,689,689,705,705,705,705,689,689,635,705,705,689,689,705,689,706,705,705,683,678,678,676,691,98,688,688,688,688,406,406,406,406,405,405,700,699,716,496,496,487,496,499,112,113,299,204,204,204,205,169,165,165,165,199,165,165
6950-4109-0-RVRE,165,77,77,77,77,77,77,77,87,77,77,77,77,86,77,77,77,77,77,77,77,97,77,77,77,77,23,65,23,23,23,23,23,23,23,23,23,22,22,22,23,23,39,52,52,52,23,23,23,23,23,23,23,23,23,23,21,23,23,23,40,23,23,15,27,40,23,21,23,23,23,23,23,23,23,27,13,21,35,35,35,829,809,809,830,833,847,828,825,825,825,829,809,809,827,688,688,688,704,704,704,704,688,688,634,704,704,688,688,704,688,705,704,704,682,677,677,675,690,98,687,687,687,687,406,406,406,406,405,405,699,698,715,496,496,487,496,499,112,113,299,204,204,204,205,169,165,165,165,199,165,165
2308-2029-0-RVRE,171,83,83,83,83,83,83,83,93,83,83,83,83,92,83,83,83,83,83,83,83,103,83,83,83,83,23,65,23,23,23,23,23,23,23,23,23,22,22,22,23,23,39,52,52,52,23,23,23,23,23,23,23,23,23,23,21,23,23,23,40,23,23,15,27,40,23,21,23,23,23,23,23,23,23,27,13,21,35,35,35,829,809,809,829,829,828,849,825,825,825,829,809,809,827,688,688,688,704,704,704,704,688,688,634,704,704,688,688,704,688,705,704,704,682,677,677,675,690,98,693,693,693,693,412,412,406,412,411,411,705,704,721,501,501,492,501,504,118,119,305,210,210,210,211,175,171,171,171,205,171,171
4948-4081-0-RVRE,165,77,77,77,77,77,77,77,83,77,77,77,77,86,77,77,77,77,77,77,77,97,77,77,77,77,23,65,23,26,23,23,23,23,23,23,23,22,22,22,23,23,39,52,52,52,26,23,23,23,23,23,23,23,23,26,24,23,23,23,43,26,23,15,23,40,23,21,26,23,26,26,26,26,26,23,13,24,35,35,35,826,806,806,826,826,825,825,834,834,834,826,806,806,824,692,689,689,705,708,708,708,692,692,638,705,705,692,692,708,692,709,708,708,683,678,678,679,694,98,688,688,688,688,402,402,402,402,401,401,696,695,712,492,492,483,492,495,115,116,299,204,204,204,205,169,165,165,165,199,165,165
5954-3098-0-R1VRE,166,77,77,77,77,77,77,77,83,77,77,77,77,86,77,77,77,77,77,77,77,97,77,78,77,77,23,65,23,27,23,23,24,24,23,23,23,22,22,22,23,23,39,52,52,52,26,23,23,23,23,23,23,23,23,26,24,23,23,24,43,26,23,15,23,40,23,21,26,23,26,26,26,26,26,24,13,24,36,36,36,826,806,806,826,826,825,825,834,842,836,826,806,806,824,692,689,689,705,708,709,708,692,692,639,705,705,692,692,708,692,709,708,708,683,678,678,679,694,99,689,689,689,689,403,403,403,403,402,402,697,696,712,493,493,484,493,496,116,116,299,204,204,204,205,170,166,166,166,200,166,166
6435-4099-14-GVRE,165,77,77,77,77,77,77,77,83,77,77,77,77,86,77,77,77,77,77,77,77,97,77,77,77,77,23,65,23,26,23,23,23,23,23,23,23,22,22,22,23,23,39,52,52,52,26,23,23,23,23,23,23,23,23,26,24,23,23,23,43,26,23,15,23,40,23,21,26,23,26,26,26,26,26,23,13,24,35,35,35,826,806,806,826,826,825,825,834,836,839,826,806,806,824,692,689,689,705,708,708,708,692,692,638,705,705,692,692,708,692,709,708,708,683,678,678,679,694,98,688,688,688,688,402,402,402,402,401,401,696,695,712,492,492,483,492,495,115,116,299,204,204,204,205,169,165,165,165,199,165,165
7053-4107-14-RVRE,165,77,77,77,77,77,77,77,87,77,77,77,77,86,77,77,77,77,77,77,77,97,77,77,77,77,24,65,23,23,23,23,23,23,23,23,23,22,22,22,23,23,39,52,52,52,23,23,23,23,23,23,23,23,23,23,21,23,23,23,40,23,23,15,27,40,23,21,23,23,23,23,23,23,23,27,13,21,35,35,35,830,810,810,830,830,829,829,826,826,826,842,810,810,828,689,689,689,705,705,705,705,689,689,635,705,705,689,689,705,689,706,705,705,683,678,678,676,691,98,688,688,688,688,406,406,406,406,405,405,700,699,716,496,496,487,496,499,112,113,299,204,204,204,205,169,165,165,165,199,165,165
4384-3073-0-RVRE,169,81,81,81,81,81,81,81,91,81,81,81,81,81,81,81,81,81,81,81,81,79,81,81,81,81,25,49,25,25,25,25,25,25,25,25,25,24,24,24,25,25,23,54,54,54,25,25,25,25,25,25,25,25,25,25,23,25,25,25,24,25,25,17,29,42,25,23,25,25,25,25,25,25,25,29,15,23,22,22,22,810,812,812,810,810,809,809,806,806,806,810,818,815,808,691,691,691,689,689,689,689,691,691,637,689,689,691,691,689,691,690,689,689,685,680,680,678,681,100,690,690,690,690,410,410,410,410,409,409,702,701,718,498,498,489,498,501,114,109,288,208,208,208,209,169,169,169,169,203,169,169
5348-3091-0-RVRE,167,79,79,79,79,79,79,79,89,79,79,79,79,79,79,79,79,79,79,79,79,77,79,79,79,79,25,49,25,25,25,25,25,25,25,25,25,24,24,24,25,25,23,54,54,54,25,25,25,25,25,25,25,25,25,25,23,25,25,25,24,25,25,17,29,42,25,23,25,25,25,25,25,25,25,29,15,23,22,22,22,810,812,812,810,810,809,809,806,806,806,810,815,815,808,691,691,691,689,689,689,689,691,691,637,689,689,691,691,689,691,690,689,689,685,680,680,678,681,100,690,690,690,690,408,408,408,408,407,407,702,701,718,498,498,489,498,501,114,107,286,206,206,206,207,167,167,167,167,201,167,167
9019-3156-0-RVRE,327,237,237,237,237,237,237,237,247,237,237,237,237,246,237,237,237,237,237,237,237,257,237,237,237,237,21,63,21,21,36,36,21,21,21,21,21,35,35,35,23,23,39,50,50,50,21,21,36,36,21,21,21,26,36,21,168,21,21,21,38,21,36,28,25,53,36,168,21,36,21,21,21,21,21,25,27,20,49,49,49,828,808,808,828,828,827,827,824,824,824,828,808,808,998,834,849,849,865,850,850,850,834,834,780,865,865,834,834,850,834,851,850,850,843,838,823,821,836,243,702,702,702,702,405,405,405,405,404,404,699,861,715,656,656,647,656,659,111,258,459,364,364,364,365,329,325,325,325,359,325,325
1676-4031-0-GVRE,589,499,499,499,499,499,499,499,499,499,499,499,499,499,499,499,499,499,499,499,499,497,499,499,499,499,28,260,28,31,28,28,28,28,28,28,28,28,28,28,30,30,28,57,57,57,32,29,29,29,29,28,28,28,28,31,179,28,28,28,29,35,28,226,28,45,28,226,31,28,31,31,31,31,33,28,233,31,26,26,26,689,691,691,689,689,688,688,692,692,692,689,691,691,834,2092,2080,2083,2080,2084,2082,2083,2082,2082,2028,2075,2075,2077,2077,2075,2077,2075,2075,2075,2053,1705,1705,1637,1319,440,593,593,593,593,538,538,538,538,539,538,593,777,617,597,597,802,597,598,20,557,708,626,626,626,627,583,583,583,583,626,589,589
2386-6013-0-R1VRE,604,514,514,514,514,514,514,514,514,514,514,514,514,514,514,514,514,514,514,514,514,512,514,514,514,514,28,260,28,28,43,43,28,28,28,28,28,43,43,43,30,30,28,57,57,57,29,29,44,44,29,28,28,33,43,28,176,28,28,28,26,32,43,241,28,60,43,226,28,43,28,28,28,28,30,28,248,28,41,41,41,689,691,691,689,689,688,688,689,689,689,689,691,691,849,2080,2097,2096,2094,2079,2077,2078,2077,2077,2023,2089,2089,2073,2073,2071,2073,2072,2071,2071,2067,1719,1704,1633,1317,441,608,608,608,608,538,538,538,538,539,538,593,792,617,612,612,817,612,613,17,554,723,641,641,641,642,598,598,598,598,641,604,604
3994-6029-0-GVRE,604,514,514,514,514,514,514,514,514,514,514,514,514,514,514,514,514,514,514,514,514,512,514,514,514,514,28,260,28,28,43,43,28,28,28,28,28,43,43,43,30,30,28,57,57,57,29,29,44,44,29,28,28,33,43,28,176,28,28,28,26,32,43,241,28,61,43,226,28,43,28,28,28,28,30,28,248,28,41,41,41,689,691,691,689,689,688,688,689,689,689,689,691,691,849,2083,2096,2113,2096,2082,2080,2081,2080,2080,2026,2091,2091,2075,2075,2073,2075,2073,2073,2073,2069,1721,1706,1635,1317,441,608,608,608,608,538,538,538,538,539,538,593,792,617,612,612,817,612,613,17,554,723,641,641,641,642,598,598,598,598,641,604,604
4593-3077-0-RVRE,602,512,512,512,512,512,512,512,512,512,512,512,512,517,512,512,512,512,512,512,512,528,512,512,512,512,26,276,26,26,41,41,26,26,26,26,26,41,41,41,28,28,44,55,55,55,27,27,42,42,27,26,26,31,41,26,174,26,26,26,42,30,41,239,26,58,41,224,26,41,26,26,26,26,28,26,246,26,54,54,54,705,689,689,705,705,704,704,705,705,705,705,689,689,865,2080,2094,2096,2123,2099,2096,2097,2078,2078,2024,2107,2107,2073,2073,2089,2073,2090,2089,2089,2067,1719,1704,1633,1327,439,606,606,606,606,536,536,536,536,537,536,591,790,615,610,610,815,610,611,15,556,736,639,639,639,640,600,596,596,596,639,602,602
7583-5041-0-HVRE,588,498,498,498,498,498,498,498,498,498,498,498,498,503,498,498,498,498,498,498,498,514,498,498,498,498,27,277,27,30,27,27,27,27,27,27,27,27,27,27,29,29,45,56,56,56,31,28,28,28,28,27,27,27,27,30,178,27,27,27,46,34,27,225,27,44,27,225,30,27,30,30,30,30,32,27,232,30,40,40,40,705,689,689,705,705,704,704,708,708,708,705,689,689,850,2084,2079,2082,2099,2110,2099,2100,2081,2081,2027,2092,2092,2076,2076,2093,2076,2092,2092,2092,2052,1704,1704,1636,1330,440,591,592,591,591,536,536,536,536,537,536,591,775,615,595,595,800,595,596,18,559,722,625,625,625,626,586,582,582,582,625,588,588
621-2007-14-RVRE,589,498,498,498,498,498,498,498,497,498,498,498,498,503,498,498,498,498,498,498,498,514,498,499,498,498,26,276,26,30,26,26,27,27,26,26,27,26,26,26,28,28,44,55,55,55,30,27,27,27,27,26,26,26,26,29,177,26,26,27,45,33,26,224,26,43,26,224,29,26,29,29,29,29,31,27,231,29,40,40,40,705,689,689,705,705,704,704,708,709,708,705,689,689,850,2082,2077,2080,2096,2099,2102,2099,2080,2080,2027,2091,2091,2076,2076,2092,2076,2092,2092,2092,2052,1704,1704,1636,1330,439,592,592,592,592,537,537,537,537,538,537,592,776,615,596,596,802,596,597,19,558,721,625,625,625,625,587,583,583,583,626,589,589
5284-6044-0-RVRE,587,497,497,497,497,497,497,497,497,497,497,497,497,502,497,497,497,497,497,497,497,513,497,497,497,497,26,276,26,29,26,26,26,26,26,26,26,26,26,26,28,28,44,55,55,55,30,27,27,27,27,26,26,26,26,29,177,26,26,26,45,33,26,224,26,43,26,224,29,26,29,29,29,29,31,26,231,29,39,39,39,705,689,689,705,705,704,704,708,708,708,705,689,689,850,2083,2078,2081,2097,2100,2099,2105,2081,2081,2027,2092,2092,2076,2076,2092,2076,2092,2092,2092,2052,1704,1704,1636,1330,439,591,591,591,591,536,536,536,536,537,536,591,775,615,595,595,800,595,596,18,559,721,624,624,624,625,585,581,581,581,624,587,587
483-2008-0-RVRE,589,499,499,499,499,499,499,499,499,499,499,499,499,499,499,499,499,499,499,499,499,497,499,499,499,499,28,260,28,31,28,28,28,28,28,28,28,28,28,28,30,30,28,57,57,57,32,29,29,29,29,28,28,28,28,31,179,28,28,28,29,35,28,226,28,45,28,226,31,28,31,31,31,31,33,28,233,31,26,26,26,689,691,691,689,689,688,688,692,692,692,689,691,691,834,2082,2077,2080,2078,2081,2080,2081,2087,2086,2032,2076,2076,2078,2078,2076,2078,2076,2076,2076,2054,1706,1706,1638,1320,443,593,593,593,593,538,538,538,538,539,538,593,777,617,597,597,802,597,598,20,557,708,626,626,626,627,583,583,583,583,626,589,589
5533-3092-0-HVRE,589,499,499,499,499,499,499,499,499,499,499,499,499,499,499,499,499,499,499,499,499,497,499,499,499,499,28,260,28,31,28,28,28,28,28,28,28,28,28,28,30,30,28,57,57,57,32,29,29,29,29,28,28,28,28,31,179,28,28,28,29,35,28,226,28,45,28,226,31,28,31,31,31,31,33,28,233,31,26,26,26,689,691,691,689,689,688,688,692,692,692,689,691,691,834,2082,2077,2080,2078,2081,2080,2081,2086,2093,2035,2076,2076,2078,2078,2076,2078,2076,2076,2076,2054,1706,1706,1638,1320,445,593,593,593,593,538,538,538,538,539,538,593,777,617,597,597,802,597,598,20,557,708,626,626,626,627,583,583,583,583,626,589,589
8303-3140-0-H1VRE,688,504,504,504,504,504,504,504,506,504,504,506,504,504,504,504,504,504,504,504,504,502,504,505,504,504,49,281,49,53,49,49,50,50,49,49,49,49,49,49,51,53,49,155,155,155,53,50,50,50,50,49,49,49,51,52,200,49,49,50,50,56,49,247,51,66,49,247,52,49,52,52,52,52,54,50,254,52,48,48,48,635,637,637,635,635,634,634,638,639,638,635,637,637,780,2028,2023,2026,2024,2027,2027,2027,2032,2035,2142,2022,2022,2024,2024,2022,2024,2022,2022,2022,2000,1652,1654,1584,1266,466,540,540,540,540,526,526,526,526,527,527,540,724,563,576,576,781,576,577,42,608,695,613,613,613,614,682,682,682,682,725,688,688
5214-4087-0-HVRE,602,512,512,512,512,512,512,512,512,512,512,512,512,517,512,512,512,512,512,512,512,528,512,512,512,512,26,276,26,26,41,41,26,26,26,26,26,41,41,41,28,28,44,55,55,55,27,27,42,42,27,26,26,31,41,26,174,26,26,26,42,30,41,239,26,58,41,224,26,41,26,26,26,26,28,26,246,26,54,54,54,705,689,689,705,705,704,704,705,705,705,705,689,689,865,2075,2089,2091,2107,2092,2091,2092,2076,2076,2022,2115,2114,2073,2073,2089,2073,2089,2089,2089,2067,1719,1704,1633,1327,438,606,606,606,606,536,536,536,536,537,536,591,790,615,610,610,815,610,611,15,556,736,639,639,639,640,600,596,596,596,639,602,602
5924-3095-14-RVRE,602,512,512,512,512,512,512,512,512,512,512,512,512,517,512,512,512,512,512,512,512,528,512,512,512,512,26,276,26,26,41,41,26,26,26,26,26,41,41,41,28,28,44,55,55,55,27,27,42,42,27,26,26,31,41,26,174,26,26,26,42,30,41,239,26,58,41,224,26,41,26,26,26,26,28,26,246,26,54,54,54,705,689,689,705,705,704,704,705,705,705,705,689,689,865,2075,2089,2091,2107,2092,2091,2092,2076,2076,2022,2114,2119,2073,2073,2089,2073,2089,2089,2089,2067,1719,1704,1633,1327,438,606,606,606,606,536,536,536,536,537,536,591,790,615,610,610,815,610,611,15,556,736,639,639,639,640,600,596,596,596,639,602,602
4280-2041-14-HVRE,589,499,499,499,499,499,499,499,499,500,499,499,499,499,499,499,499,499,499,499,499,497,499,499,499,499,28,260,28,31,28,28,28,28,28,28,28,28,28,28,30,30,28,57,57,57,32,29,29,29,29,28,28,28,28,31,179,28,28,28,30,35,28,226,28,45,28,226,31,28,31,31,31,31,34,28,233,31,26,26,26,689,691,691,689,689,688,688,692,692,692,689,691,691,834,2077,2073,2075,2073,2076,2076,2076,2078,2078,2024,2073,2073,2090,2078,2077,2079,2077,2077,2077,2054,1706,1706,1638,1320,438,593,593,593,593,538,538,538,538,539,538,593,777,617,597,597,802,597,598,20,556,708,626,626,626,627,584,583,583,583,626,589,589
615-3018-0-HVRE,589,499,499,499,499,499,499,499,499,499,499,499,499,499,499,499,499,499,499,499,499,497,499,499,499,499,28,260,28,31,28,28,28,28,28,28,28,28,28,28,30,30,28,57,57,57,32,29,29,29,29,28,28,28,28,31,179,28,28,28,29,35,28,226,28,45,28,226,31,28,31,31,31,31,33,28,233,31,26,26,26,689,691,691,689,689,688,688,692,692,692,689,691,691,834,2077,2073,2075,2073,2076,2076,2076,2078,2078,2024,2073,2073,2078,2081,2076,2078,2076,2076,2076,2054,1706,1706,1638,1320,438,593,593,593,593,538,538,538,538,539,538,593,777,617,597,597,802,597,598,20,556,708,626,626,626,627,583,583,583,583,626,589,589
3233-1045-60-H1VRE,588,498,498,498,498,498,498,498,498,498,498,498,498,503,498,498,498,498,498,498,498,514,498,498,498,498,27,277,27,30,27,27,27,27,27,27,27,27,27,27,29,29,45,56,56,56,31,28,28,28,28,27,27,27,27,30,178,27,27,27,46,34,27,225,27,44,27,225,30,27,30,30,30,30,32,27,232,30,40,40,40,705,689,689,705,705,704,704,708,708,708,705,689,689,850,2075,2071,2073,2089,2093,2092,2092,2076,2076,2022,2089,2089,2077,2076,2098,2079,2095,2095,2095,2052,1704,1704,1636,1330,437,591,592,591,591,536,536,536,536,537,536,591,775,615,595,595,800,595,596,18,558,722,625,625,625,626,586,582,582,582,625,588,588
905-4021-0-RVRE,589,499,499,499,499,499,499,499,499,499,499,499,499,499,499,499,499,499,499,499,499,497,499,499,499,499,28,260,28,31,28,28,28,28,28,28,28,28,28,28,30,30,28,57,57,57,32,29,29,29,29,28,28,28,28,31,179,28,28,28,29,35,28,226,28,45,28,226,31,28,31,31,31,31,33,28,233,31,26,26,26,689,691,691,689,689,688,688,692,692,692,689,691,691,834,2077,2073,2075,2073,2076,2076,2076,2078,2078,2024,2073,2073,2079,2078,2079,2087,2079,2079,2079,2054,1706,1706,1638,1320,438,593,593,593,593,538,538,538,538,539,538,593,777,617,597,597,802,597,598,20,556,708,626,626,626,627,583,583,583,583,626,589,589
5006-5030-0-RVRE,588,498,498,498,498,498,498,498,498,498,498,498,498,503,498,498,498,498,498,498,498,514,498,498,498,498,26,276,26,29,26,26,26,26,26,26,26,26,26,26,28,28,44,55,55,55,30,27,27,27,27,26,26,26,26,29,177,26,26,26,45,33,26,224,26,43,26,224,29,26,29,29,29,29,31,26,231,29,40,40,40,706,690,690,706,706,705,705,709,709,709,706,690,690,851,2075,2072,2073,2090,2092,2092,2092,2076,2076,2022,2089,2089,2077,2076,2095,2079,2109,2097,2097,2052,1704,1704,1636,1330,436,591,591,591,591,537,537,537,537,538,537,591,775,615,595,595,800,595,597,18,558,722,625,625,625,626,586,582,582,582,625,588,588
5925-3097-0-HVRE,589,499,499,499,499,499,499,499,499,499,499,499,499,504,499,499,499,499,499,499,499,515,499,499,499,499,26,276,26,29,26,26,26,26,26,26,26,26,26,26,28,28,44,55,55,55,30,27,27,27,27,28,26,26,26,29,177,26,26,26,45,33,26,224,26,43,26,224,29,26,29,29,29,29,31,26,231,29,39,39,39,705,689,689,705,705,704,704,708,708,708,705,689,689,850,2075,2071,2073,2089,2092,2092,2092,2076,2076,2022,2089,2089,2077,2076,2095,2079,2097,2112,2105,2052,1704,1704,1636,1330,436,593,591,591,593,536,536,536,536,537,536,591,775,617,597,597,802,597,598,18,560,723,626,626,626,627,587,583,583,583,626,589,589
6648-4103-0-HVRE,587,497,497,497,497,497,497,497,497,497,497,497,497,502,497,497,497,497,497,497,497,513,497,497,497,497,26,276,26,29,26,26,26,26,26,26,26,26,26,26,28,28,44,55,55,55,30,27,27,27,27,26,26,26,26,29,177,26,26,26,45,33,26,224,26,43,26,224,29,26,29,29,29,29,31,26,231,29,39,39,39,705,689,689,705,705,704,704,708,708,708,705,689,689,850,2075,2071,2073,2089,2092,2092,2092,2076,2076,2022,2089,2089,2077,2076,2095,2079,2097,2105,2109,2052,1704,1704,1636,1330,436,591,591,591,591,536,536,536,536,537,536,591,775,615,595,595,800,595,596,18,558,721,624,624,624,625,585,581,581,581,624,587,587
4703-4078-0-R1VRE,604,514,514,514,514,514,514,514,514,514,514,514,514,514,514,514,514,514,514,514,514,512,514,514,514,514,28,258,28,28,43,43,28,28,28,28,28,43,43,43,30,30,28,57,57,57,29,29,44,44,29,28,28,33,43,28,176,28,28,28,26,32,43,241,28,60,43,226,28,43,28,28,28,28,30,28,248,28,41,41,41,683,685,685,683,683,682,682,683,683,683,683,685,685,843,2053,2067,2069,2067,2052,2052,2052,2054,2054,2000,2067,2067,2054,2054,2052,2054,2052,2052,2052,2101,1721,1706,1635,1317,431,608,608,608,608,538,538,538,538,539,538,593,792,617,612,612,817,612,613,17,553,723,641,641,641,642,598,598,598,598,641,604,604
4902-4076-14-RVRE,596,504,504,504,504,504,504,504,504,504,505,505,504,504,504,504,504,504,504,504,504,502,504,504,504,504,29,260,29,29,44,44,29,29,29,29,29,44,44,44,31,31,29,58,58,58,30,30,45,45,30,29,29,34,44,29,177,29,29,29,27,34,44,244,29,74,44,227,29,44,29,29,29,29,31,29,250,29,42,42,42,678,680,680,678,678,677,677,678,678,678,678,680,680,838,1705,1719,1721,1719,1704,1704,1704,1706,1706,1652,1719,1719,1706,1706,1704,1706,1704,1704,1704,1721,1831,1796,1681,1308,429,608,608,608,608,540,540,540,541,541,541,593,792,627,612,612,818,612,613,18,513,722,631,631,631,632,590,590,590,590,633,596,596
729-4016-0-HVRE,582,488,488,488,488,488,488,488,490,488,489,491,488,488,488,488,488,488,488,488,488,486,488,488,488,488,29,260,29,29,29,29,29,29,29,29,29,29,29,29,31,33,29,60,60,60,30,30,30,30,30,29,29,29,31,29,177,29,29,29,27,33,29,229,31,58,29,227,29,29,29,29,29,29,31,29,235,29,27,27,27,678,680,680,678,678,677,677,678,678,678,678,680,680,823,1705,1704,1706,1704,1704,1704,1704,1706,1706,1654,1704,1704,1706,1706,1704,1706,1704,1704,1704,1706,1796,1813,1681,1308,429,593,593,593,593,541,541,541,541,542,541,593,777,627,597,597,803,597,598,18,513,708,617,617,617,618,576,576,576,576,619,582,582
6129-1092-0-HVRE,581,488,488,488,488,488,488,488,488,488,488,488,488,488,488,488,488,488,488,488,488,486,488,488,488,488,500,731,500,503,500,500,500,500,500,500,500,500,500,500,502,502,500,529,529,529,504,501,501,501,501,500,500,500,500,503,651,500,500,500,501,507,500,698,500,517,500,698,503,500,503,503,503,503,505,500,706,503,497,497,497,676,678,678,676,676,675,675,679,679,679,676,678,678,821,1637,1633,1635,1633,1636,1636,1636,1638,1638,1584,1633,1633,1638,1638,1636,1638,1636,1636,1636,1635,1681,1681,2310,1283,895,593,593,593,593,538,538,538,538,539,538,593,777,617,599,599,804,598,598,492,508,696,615,615,615,616,574,574,574,574,618,582,581
8052-3132-0-HVRE,587,506,506,506,506,506,507,507,507,507,507,507,507,509,507,507,508,507,507,507,507,517,507,506,506,506,23,266,23,26,23,23,23,23,23,23,23,23,23,23,25,25,35,52,52,52,27,24,24,24,24,23,23,23,23,26,174,23,23,23,36,30,23,222,23,40,23,221,26,23,26,26,26,26,28,23,229,26,33,33,33,691,681,681,691,691,690,690,694,694,694,691,681,681,836,1319,1317,1317,1327,1330,1330,1330,1320,1320,1266,1327,1327,1320,1320,1330,1320,1330,1330,1330,1317,1308,1308,1283,1384,423,591,591,591,591,538,538,538,538,538,538,591,776,615,595,595,801,595,596,18,507,723,637,637,637,636,591,587,587,587,624,587,587
4784-3082-0-RVRE,274,276,276,276,276,276,276,276,276,276,276,276,276,276,276,276,276,276,276,276,276,274,276,277,276,275,1415,1444,1416,1417,1416,1416,1421,1421,1420,1420,1420,1418,1416,1418,1418,1418,1416,1380,1380,1380,1416,1416,1415,1416,1416,1416,1416,1416,1415,1416,1564,1416,1416,1417,1414,1416,1416,1407,1415,1433,1416,1612,1416,1416,1416,1416,1416,1416,1416,1416,1405,1413,1411,1412,1412,98,100,100,98,98,98,98,98,99,98,98,100,100,243,440,441,441,439,440,439,439,443,445,466,438,438,438,438,437,438,436,436,436,431,429,429,895,423,1839,27,28,27,27,47,47,46,47,47,47,27,211,50,507,507,497,506,507,1399,378,223,283,283,283,284,273,273,273,273,311,274,274
1334-2020-0-R1VRE,209,65,65,65,65,65,65,65,70,65,65,65,65,65,65,65,65,65,65,65,65,63,65,66,65,64,40,34,40,41,55,55,41,41,40,40,40,55,55,55,40,40,38,69,69,69,40,40,55,55,40,42,40,45,55,40,39,40,40,41,38,40,55,47,40,60,55,39,40,55,40,40,40,40,40,41,46,40,53,53,53,688,690,690,688,688,687,693,688,689,688,688,690,690,702,593,608,608,606,591,592,591,593,593,540,606,606,593,593,591,593,591,593,591,608,608,593,593,591,27,1192,1181,1176,1178,472,472,465,472,471,471,1141,1154,1137,923,921,912,922,710,550,82,290,244,244,244,245,209,209,209,209,213,209,209
2886-5012-0-RVRE,208,64,64,64,64,64,64,64,69,64,64,64,64,64,64,64,64,64,64,64,64,62,64,65,64,63,41,35,41,42,56,56,42,42,41,41,41,56,56,56,41,41,39,70,70,70,41,41,56,56,41,41,41,46,56,41,40,41,41,42,39,41,56,48,41,61,56,40,41,56,41,41,41,41,41,42,47,41,54,54,54,688,690,690,688,688,687,693,688,689,688,688,690,690,702,593,608,608,606,592,592,591,593,593,540,606,606,593,593,592,593,591,591,591,608,608,593,593,591,28,1181,1188,1174,1174,472,472,465,472,471,471,1141,1152,1133,919,917,908,918,708,548,80,289,243,243,243,244,208,208,208,208,212,208,208
6748-6057-0-HVRE,207,63,63,63,63,63,63,63,68,63,63,63,63,63,63,63,63,63,63,63,63,61,63,64,63,62,40,34,40,41,55,55,41,41,40,40,40,55,55,55,40,40,38,69,69,69,40,40,55,55,40,40,40,45,55,40,39,40,40,41,38,40,55,47,40,60,55,39,40,55,40,40,40,40,40,41,46,40,53,53,53,688,690,690,688,688,687,693,688,689,688,688,690,690,702,593,608,608,606,591,592,591,593,593,540,606,606,593,593,591,593,591,591,591,608,608,593,593,591,27,1176,1174,1185,1176,472,472,465,472,471,471,1141,1154,1135,921,919,910,920,708,550,80,288,242,242,242,243,207,207,207,207,211,207,207
2243-3041-14-RVRE,209,65,65,65,65,65,65,65,70,65,65,65,65,65,65,65,65,65,65,65,65,63,65,66,65,64,40,34,40,41,55,55,41,41,40,40,40,55,55,55,40,40,38,69,69,69,40,40,55,55,40,42,40,45,55,40,39,40,40,41,38,40,55,47,40,60,55,39,40,55,40,40,40,40,40,41,46,40,53,53,53,688,690,690,688,688,687,693,688,689,688,688,690,690,702,593,608,608,606,591,592,591,593,593,540,606,606,593,593,591,593,591,593,591,608,608,593,593,591,27,1178,1174,1176,1186,472,472,465,472,471,471,1141,1154,1137,923,921,912,922,710,550,82,290,244,244,244,245,209,209,209,209,213,209,209
1889-3036-0-OVRE,1240,1121,1120,1120,1120,1120,1120,1120,1132,1120,1120,1122,1120,1120,1120,1120,1120,1120,1120,1120,1120,1118,1120,1121,1120,1119,27,225,27,28,27,27,28,28,27,27,27,27,27,27,27,29,25,36,36,36,28,28,28,28,28,27,27,27,29,27,26,27,27,28,25,31,27,226,33,32,27,58,27,27,27,27,27,27,29,32,233,27,28,28,28,406,408,408,406,406,406,412,402,403,402,406,410,408,405,538,538,538,536,536,537,536,538,538,526,536,536,538,538,536,538,537,536,536,538,540,541,538,538,47,472,472,472,472,1705,1705,1685,1693,1692,1691,501,510,470,415,415,621,415,418,168,1070,1462,1416,1416,1416,1415,1240,1240,1240,1240,1244,1240,1240
4145-6030-14-RVRE,1240,1121,1120,1120,1120,1120,1120,1120,1132,1120,1120,1122,1120,1120,1120,1120,1120,1120,1120,1120,1120,1118,1120,1121,1120,1119,27,225,27,28,27,27,28,28,27,27,27,27,27,27,27,29,25,36,36,36,28,28,28,28,28,27,27,27,29,27,26,27,27,28,25,31,27,226,33,32,27,58,27,27,27,27,27,27,29,32,233,27,28,28,28,406,408,408,406,406,406,412,402,403,402,406,410,408,405,538,538,538,536,536,537,536,538,538,526,536,536,538,538,536,538,537,536,536,538,540,541,538,538,47,472,472,472,472,1705,1708,1685,1693,1692,1691,501,510,470,415,415,621,415,418,168,1070,1462,1416,1416,1416,1415,1240,1240,1240,1240,1244,1240,1240
3320-D044-1-R-TIPmvre,1232,1113,1112,1112,1112,1112,1112,1112,1124,1112,1112,1114,1112,1112,1112,1112,1112,1112,1112,1112,1112,1110,1112,1113,1112,1112,27,225,27,28,27,27,28,28,27,27,27,27,27,27,27,29,25,36,36,36,28,28,28,28,28,27,27,27,29,27,26,27,27,28,25,31,27,226,33,32,27,58,27,27,27,27,27,27,29,32,233,27,28,28,28,406,408,408,406,406,406,406,402,403,402,406,410,408,405,538,538,538,536,536,537,536,538,538,526,536,536,538,538,536,538,537,536,536,538,540,541,538,538,46,465,465,465,465,1685,1685,1694,1688,1684,1684,493,502,463,408,407,613,407,410,162,1064,1456,1408,1408,1408,1407,1232,1232,1232,1232,1236,1232,1232
4009-E118-14-R-TIPmvre,1240,1121,1120,1120,1120,1120,1120,1120,1132,1120,1120,1122,1120,1120,1120,1120,1120,1120,1120,1120,1120,1118,1120,1121,1120,1119,27,225,27,28,27,27,28,28,27,27,27,27,27,27,27,29,25,36,36,36,28,28,28,28,28,27,27,27,29,27,26,27,27,28,25,32,27,226,33,33,27,58,27,27,27,27,27,27,29,32,233,27,28,28,28,406,408,408,406,406,406,412,402,403,402,406,410,408,405,538,538,538,536,536,537,536,538,538,526,536,536,538,538,536,538,537,536,536,538,541,541,538,538,47,472,472,472,472,1693,1693,1688,1707,1692,1692,501,510,470,415,415,621,415,418,168,1070,1462,1416,1416,1416,1415,1240,1240,1240,1240,1244,1240,1240
5261-4089-0-RVRE,1241,1122,1121,1121,1121,1121,1121,1121,1134,1121,1121,1123,1121,1121,1121,1121,1121,1121,1121,1121,1121,1119,1121,1122,1122,1121,28,226,28,29,28,28,29,29,28,28,28,28,28,28,28,30,26,37,37,37,29,29,29,29,29,28,28,28,30,28,27,28,28,29,26,32,28,227,34,33,28,59,28,28,28,28,28,28,30,33,234,28,29,29,29,405,407,407,405,405,405,411,401,402,401,405,409,407,404,539,539,539,537,537,538,537,539,539,527,537,537,539,539,537,539,538,537,537,539,541,542,539,538,47,471,471,471,471,1692,1692,1684,1692,1725,1694,500,509,469,414,414,620,414,417,167,1070,1463,1417,1417,1417,1416,1241,1241,1241,1241,1245,1241,1241
5285-6045-0-RVRE,1241,1121,1120,1120,1120,1120,1120,1120,1132,1120,1120,1122,1120,1120,1120,1120,1120,1120,1120,1120,1120,1118,1120,1121,1120,1119,28,226,28,29,28,28,29,29,28,28,28,28,28,28,28,30,26,38,38,38,29,29,29,29,29,28,28,28,30,28,27,28,28,29,26,33,28,227,34,34,28,59,28,28,28,28,28,28,30,33,234,28,29,29,29,405,407,407,405,405,405,411,401,402,401,405,409,407,404,538,538,538,536,536,537,536,538,538,527,536,536,538,538,536,538,537,536,536,538,541,541,538,538,47,471,471,471,471,1691,1691,1684,1692,1694,1712,499,508,469,414,413,619,413,416,167,1070,1463,1416,1416,1416,1415,1241,1241,1241,1241,1245,1241,1241
3226-4049-14-RVRE,195,50,49,49,49,49,49,49,59,49,49,49,49,49,49,49,49,49,49,49,49,47,49,50,49,48,40,34,40,41,40,40,41,41,40,40,40,40,40,40,40,40,38,69,69,69,40,40,40,40,40,40,40,40,40,40,39,40,40,41,38,40,40,32,44,45,40,39,40,40,40,40,40,40,40,45,31,40,39,39,39,700,702,702,700,700,699,705,696,697,696,700,702,702,699,593,593,593,591,591,592,591,593,593,540,591,591,593,593,591,593,591,591,591,593,593,593,593,591,27,1141,1141,1141,1141,501,501,493,501,500,499,1227,1169,1138,920,919,909,920,710,548,114,273,228,228,228,229,195,195,195,195,199,195,195
344-1009-0-HVRE,396,249,248,248,248,248,248,248,258,248,248,248,248,248,248,248,248,248,248,248,248,246,248,249,248,247,39,33,39,40,54,54,40,40,39,39,39,54,54,54,41,41,39,68,68,68,39,39,54,54,39,39,39,44,54,39,189,39,39,40,37,39,54,46,43,59,54,225,39,54,39,39,39,39,39,44,45,39,53,53,53,699,701,701,699,699,698,704,695,696,695,699,701,701,861,777,792,792,790,775,776,775,777,777,724,790,790,777,777,775,777,775,775,775,792,792,777,777,776,211,1154,1152,1154,1154,510,510,502,510,509,508,1169,1406,1136,1126,1125,1115,1126,913,546,265,472,427,427,427,428,394,394,394,394,398,394,394
899-D004-14-G-TIPmvre,193,51,50,50,50,50,50,50,59,50,50,50,50,50,50,50,50,50,50,50,50,48,50,50,51,50,40,56,40,40,40,40,40,40,40,40,40,40,40,40,40,40,38,69,69,69,40,40,40,40,40,42,40,40,40,40,39,40,40,40,38,40,40,33,44,83,40,39,40,40,40,40,40,40,40,44,31,40,38,38,38,716,718,718,716,716,715,721,712,712,712,716,718,718,715,617,617,617,615,615,615,615,617,617,563,615,615,617,617,615,617,615,617,615,617,627,627,617,615,50,1137,1133,1135,1137,470,470,463,470,469,469,1138,1136,1382,912,910,901,911,700,543,125,304,238,238,238,236,193,194,194,194,219,193,193
3082-3051-0-RVRE,428,427,427,427,427,427,427,427,437,427,427,427,427,427,427,427,427,427,427,427,427,425,427,428,427,426,311,305,311,312,326,326,312,312,311,311,311,326,326,326,313,314,311,321,321,321,311,311,326,326,311,313,311,316,326,311,459,311,311,312,309,311,326,318,315,331,326,511,311,326,311,311,311,311,311,316,317,311,324,324,324,496,498,498,496,496,496,501,492,493,492,496,498,498,656,597,612,612,610,595,596,595,597,597,576,610,610,597,597,595,597,595,597,595,612,612,597,599,595,507,923,919,921,923,415,415,408,415,414,414,920,1126,912,3007,3001,2980,2991,2776,801,538,521,519,519,519,520,426,426,426,426,431,427,427
5088-6043-0-HVRE,427,426,426,426,426,426,426,426,436,426,426,426,426,426,426,426,426,426,426,426,426,424,426,427,426,425,311,305,311,312,326,326,312,312,311,311,311,326,326,326,313,314,311,321,321,321,311,311,326,326,311,313,311,316,326,311,459,311,311,312,309,311,326,318,315,331,326,511,311,326,311,311,311,311,311,316,317,311,324,324,324,496,498,498,496,496,496,501,492,493,492,496,498,498,656,597,612,612,610,595,596,595,597,597,576,610,610,597,597,595,597,595,597,595,612,612,597,599,595,507,921,917,919,921,415,415,407,415,414,413,919,1125,910,3001,3008,2982,2992,2778,799,538,521,518,518,518,519,425,425,425,425,430,426,426
6988-1099-0-RVRE,632,633,633,633,633,633,633,633,642,633,633,633,633,633,633,633,633,633,633,633,633,631,633,634,633,632,301,500,301,302,316,316,302,302,301,301,302,316,316,316,303,304,301,311,311,311,302,302,317,317,302,303,301,306,316,301,449,301,301,303,299,305,316,515,305,321,316,503,301,316,301,301,301,301,303,306,523,301,314,314,314,487,489,489,487,487,487,492,483,484,483,487,489,489,647,802,817,817,815,800,802,800,802,802,781,815,815,802,802,800,802,800,802,800,817,818,803,804,801,497,912,908,910,912,621,621,613,621,620,619,909,1115,901,2980,2982,3210,2982,2767,789,689,727,725,725,725,725,630,630,630,630,634,630,630
3717-G013-14-O-TIPmvre,424,426,426,426,426,426,426,426,436,426,426,426,426,426,426,426,426,426,426,426,426,424,426,427,426,425,310,304,310,311,325,325,311,311,310,310,310,325,325,325,312,313,310,320,320,320,310,310,325,325,310,312,310,315,325,310,458,310,310,311,308,310,325,317,314,330,325,510,310,325,310,310,310,310,310,315,316,310,323,323,323,496,498,498,496,496,496,501,492,493,492,496,498,498,656,597,612,612,610,595,596,595,597,597,576,610,610,597,597,595,597,595,597,595,612,612,597,598,595,506,922,918,920,922,415,415,407,415,414,413,920,1126,911,2991,2992,2982,2994,2779,799,538,521,518,518,518,519,423,423,423,423,427,423,423
4143-2042-0-RVRE,426,429,429,429,429,429,429,429,439,429,429,429,429,429,429,429,429,429,429,429,429,427,429,430,429,428,308,302,308,309,323,323,309,309,308,308,308,323,323,323,310,311,308,319,319,319,308,308,323,323,308,310,308,313,323,308,456,308,308,309,306,308,323,315,312,328,323,508,308,323,308,308,308,308,308,313,314,308,323,323,323,499,501,501,499,499,499,504,495,496,495,499,501,501,659,598,613,613,611,596,597,596,598,598,577,611,611,598,598,596,598,597,598,596,613,613,598,598,596,507,710,708,708,710,418,418,410,418,417,416,710,913,700,2776,2778,2767,2779,2793,587,537,524,521,521,521,522,425,425,425,425,429,425,425
3673-4064-0-HVRE,104,52,52,52,52,52,52,52,57,52,52,52,52,52,52,52,53,52,52,52,52,50,52,53,52,52,1421,1415,1422,1426,1422,1422,1423,1423,1422,1422,1422,1422,1420,1422,1422,1422,1420,1386,1386,1386,1425,1422,1421,1422,1422,1422,1422,1422,1421,1425,1424,1422,1422,1423,1423,1425,1422,1413,1421,1427,1422,1421,1425,1422,1425,1425,1425,1425,1425,1422,1413,1425,1419,1420,1420,112,114,114,112,112,112,118,115,116,115,112,114,114,111,20,17,17,15,18,19,18,20,20,42,15,15,20,20,18,20,18,18,18,17,18,18,492,18,1399,550,548,550,550,168,168,162,168,167,167,548,546,543,801,799,789,799,587,1997,156,20,110,110,110,111,103,103,103,103,108,104,104
4999-3085-0-HVRE,1669,1764,1764,1764,1764,1764,1764,1764,1766,1764,1764,1765,1764,1772,1764,1764,1764,1764,1764,1764,1764,1770,1764,1764,1764,1764,203,269,203,206,203,203,203,203,203,203,203,203,203,203,205,206,207,283,283,283,207,204,204,204,204,205,203,203,204,206,354,203,203,204,208,210,203,352,204,135,203,405,206,203,206,206,206,206,208,203,355,206,202,202,202,113,107,107,113,113,113,119,116,116,116,113,109,107,258,557,554,554,556,559,558,559,557,557,608,556,556,556,556,558,556,558,560,558,553,513,513,508,507,378,82,80,80,82,1070,1070,1064,1070,1070,1070,114,265,125,538,538,689,538,537,156,6242,1585,1624,1624,1624,1621,1664,1662,1662,1662,1586,1668,1668
3743-D050-1-G-TIPmvre,2118,2101,2101,2101,2101,2101,2101,2101,2103,2101,2101,2103,2101,2103,2101,2101,2101,2101,2101,2101,2101,2114,2101,2101,2102,2102,537,331,537,537,552,552,537,537,537,537,537,552,552,552,539,541,552,546,546,546,538,538,553,553,538,539,537,542,554,537,685,537,537,537,550,541,552,752,539,162,552,739,537,552,537,537,537,537,539,537,758,537,566,566,566,299,286,286,299,299,299,305,299,299,299,299,288,286,459,708,723,723,736,722,721,721,708,708,695,736,736,708,708,722,708,722,723,721,723,722,708,696,723,223,290,289,288,290,1462,1462,1456,1462,1463,1463,273,472,304,521,521,727,521,524,20,1585,2644,2380,2380,2380,2386,2123,2118,2118,2118,1703,2118,2118
1781-3033-30-RVRE,2107,2258,2258,2258,2258,2258,2260,2260,2260,2260,2260,2262,2260,2260,2260,2260,2265,2259,2259,2259,2259,2257,2259,2258,2258,2257,631,403,631,631,646,646,631,631,631,631,632,646,646,646,633,635,631,640,640,640,632,632,647,647,632,633,631,636,648,631,779,631,631,631,629,635,646,845,633,227,646,833,631,646,631,631,631,631,633,631,852,631,645,645,645,204,206,206,204,204,204,210,204,204,204,204,208,206,364,626,641,641,639,625,625,624,626,626,613,639,639,626,626,625,626,625,626,624,641,631,617,615,637,283,244,243,242,244,1416,1416,1408,1416,1417,1416,228,427,238,519,518,725,518,521,110,1624,2380,2687,2682,2680,2640,2107,2107,2107,2107,1685,2107,2107
3890-6028-0-RVRE,2107,2258,2258,2258,2258,2258,2260,2260,2260,2260,2260,2262,2260,2260,2260,2260,2265,2259,2259,2259,2259,2257,2259,2258,2258,2257,631,403,631,631,646,646,631,631,631,631,632,646,646,646,633,635,631,640,640,640,632,632,647,647,632,633,631,636,648,631,779,631,631,631,629,635,646,845,633,227,646,833,631,646,631,631,631,631,633,631,852,631,645,645,645,204,206,206,204,204,204,210,204,204,204,204,208,206,364,626,641,641,639,625,625,624,626,626,613,639,639,626,626,625,626,625,626,624,641,631,617,615,637,283,244,243,242,244,1416,1416,1408,1416,1417,1416,228,427,238,519,518,725,518,521,110,1624,2380,2682,2688,2680,2640,2107,2107,2107,2107,1685,2107,2107
3667-E109-14-R-TIPmvre,2107,2258,2258,2258,2258,2258,2260,2260,2260,2260,2260,2262,2260,2260,2260,2260,2265,2259,2259,2259,2259,2257,2259,2258,2258,2257,631,403,631,631,646,646,631,631,631,631,632,646,646,646,633,635,631,640,640,640,632,632,647,647,632,633,631,636,648,631,779,631,631,631,629,635,646,845,633,227,646,833,631,646,631,631,631,631,633,631,852,631,645,645,645,204,206,206,204,204,204,210,204,204,204,204,208,206,364,626,641,641,639,625,625,624,626,626,613,639,639,626,626,625,626,625,626,624,641,631,617,615,637,283,244,243,242,244,1416,1416,1408,1416,1417,1416,228,427,238,519,518,725,518,521,110,1624,2380,2680,2680,2682,2640,2107,2107,2107,2107,1685,2107,2107
3672-K017-1-G-TIPmvre,2104,2255,2255,2255,2255,2255,2256,2256,2258,2256,2256,2258,2256,2256,2256,2256,2259,2256,2256,2256,2256,2254,2256,2258,2255,2254,635,407,635,635,650,651,635,635,635,635,635,650,650,650,637,639,635,644,644,644,636,636,651,651,636,637,635,640,652,635,783,635,635,635,633,639,650,849,637,225,650,837,635,650,635,635,635,635,637,635,856,635,649,649,649,205,207,207,205,205,205,211,205,205,205,205,209,207,365,627,642,642,640,626,625,625,627,627,614,640,640,627,627,626,627,626,627,625,642,632,618,616,636,284,245,244,243,245,1415,1415,1407,1415,1416,1415,229,428,236,520,519,725,519,522,111,1621,2386,2640,2640,2640,2690,2104,2104,2104,2104,1682,2104,2104
442-1011-14-RVRE,2486,2094,2094,2094,2094,2094,2094,2094,2095,2095,2094,2096,2094,2096,2094,2094,2094,2094,2094,2094,2094,2096,2094,2095,2092,2091,620,396,620,621,635,635,621,621,620,620,621,635,635,635,622,624,624,728,728,728,621,621,636,636,621,622,620,625,637,620,768,620,620,621,623,624,635,834,622,214,635,823,620,635,620,620,620,620,623,621,841,620,639,639,639,169,167,167,169,169,169,175,169,170,169,169,169,167,329,583,598,598,600,586,587,585,583,583,682,600,600,584,583,586,583,586,587,585,598,590,576,574,591,273,209,208,207,209,1240,1240,1232,1240,1241,1241,195,394,193,426,425,630,423,425,103,1664,2123,2107,2107,2107,2104,2500,2489,2489,2489,2063,2486,2486
4544-5027-0-RVRE,2486,2094,2094,2094,2094,2094,2094,2094,2095,2094,2094,2096,2094,2094,2094,2094,2094,2094,2094,2094,2094,2092,2094,2095,2093,2092,620,392,620,621,635,635,621,621,620,620,621,635,635,635,622,624,620,728,728,728,621,621,636,636,621,622,620,625,637,620,768,620,620,621,618,624,635,834,622,214,635,823,620,635,620,620,620,620,622,621,841,620,635,635,635,165,167,167,165,165,165,171,165,166,165,165,169,167,325,583,598,598,596,582,583,581,583,583,682,596,596,583,583,582,583,582,583,581,598,590,576,574,587,273,209,208,207,209,1240,1240,1232,1240,1241,1241,195,394,194,426,425,630,423,425,103,1662,2118,2107,2107,2107,2104,2489,2507,2500,2500,2063,2486,2486
4786-5025-14-HVRE,2486,2094,2094,2094,2094,2094,2094,2094,2095,2094,2094,2096,2094,2094,2094,2094,2094,2094,2094,2094,2094,2092,2094,2095,2093,2092,620,392,620,621,635,635,621,621,620,620,621,635,635,635,622,624,620,728,728,728,621,621,636,636,621,622,620,625,637,620,768,620,620,621,618,624,635,834,622,214,635,823,620,635,620,620,620,620,622,621,841,620,635,635,635,165,167,167,165,165,165,171,165,166,165,165,169,167,325,583,598,598,596,582,583,581,583,583,682,596,596,583,583,582,583,582,583,581,598,590,576,574,587,273,209,208,207,209,1240,1240,1232,1240,1241,1241,195,394,194,426,425,630,423,425,103,1662,2118,2107,2107,2107,2104,2489,2500,2504,2500,2063,2486,2486
8232-2079-0-HVRE,2486,2094,2094,2094,2094,2094,2094,2094,2095,2094,2094,2096,2094,2094,2094,2094,2094,2094,2094,2094,2094,2092,2094,2095,2093,2092,620,392,620,621,635,635,621,621,620,620,621,635,635,635,622,624,620,728,728,728,621,621,636,636,621,622,620,625,637,620,768,620,620,621,618,624,635,834,622,214,635,823,620,635,620,620,620,620,622,621,841,620,635,635,635,165,167,167,165,165,165,171,165,166,165,165,169,167,325,583,598,598,596,582,583,581,583,583,682,596,596,583,583,582,583,582,583,581,598,590,576,574,587,273,209,208,207,209,1240,1240,1232,1240,1241,1241,195,394,194,426,425,630,423,425,103,1662,2118,2107,2107,2107,2104,2489,2500,2500,2504,2063,2486,2486
1321-3028-0-RVRE,2071,1672,1672,1672,1672,1672,1672,1672,1673,1672,1672,1674,1672,1672,1672,1672,1672,1672,1672,1672,1672,1670,1672,1673,1670,1669,199,430,199,200,214,214,200,200,199,199,200,214,214,214,201,203,199,307,307,307,200,200,215,215,200,201,199,204,216,199,347,199,199,200,197,203,214,413,201,232,214,402,199,214,199,199,199,199,201,200,420,199,214,214,214,199,201,201,199,199,199,205,199,200,199,199,203,201,359,626,641,641,639,625,626,624,626,626,725,639,639,626,626,625,626,625,626,624,641,633,619,618,624,311,213,212,211,213,1244,1244,1236,1244,1245,1245,199,398,219,431,430,634,427,429,108,1586,1703,1685,1685,1685,1682,2063,2063,2063,2063,2117,2075,2072
6429-1096-0-RVRE,2494,2094,2094,2094,2094,2094,2094,2094,2095,2094,2094,2096,2094,2094,2094,2094,2094,2094,2094,2094,2094,2092,2094,2095,2092,2091,621,393,621,622,636,636,622,622,621,621,622,636,636,636,623,625,621,729,729,729,622,622,637,637,622,623,621,626,638,621,769,621,621,622,619,625,636,835,623,215,636,824,621,636,621,621,621,621,623,622,842,621,636,636,636,165,167,167,165,165,165,171,165,166,165,165,169,167,325,589,604,604,602,588,589,587,589,589,688,602,602,589,589,588,589,588,589,587,604,596,582,582,587,274,209,208,207,209,1240,1240,1232,1240,1241,1241,195,394,193,427,426,630,423,425,104,1668,2118,2107,2107,2107,2104,2486,2486,2486,2486,2075,2509,2495
6652-3103-14-RVRE,2494,2094,2094,2094,2094,2094,2094,2094,2095,2094,2094,2096,2094,2094,2094,2094,2094,2094,2094,2094,2094,2092,2094,2095,2092,2091,621,393,621,622,636,636,622,622,621,621,622,636,636,636,623,625,621,729,729,729,622,622,637,637,622,623,621,626,638,621,769,621,621,622,619,625,636,835,623,215,636,824,621,636,621,621,621,621,623,622,842,621,636,636,636,165,167,167,165,165,165,171,165,166,165,165,169,167,325,589,604,604,602,588,589,587,589,589,688,602,602,589,589,588,589,588,589,587,604,596,582,581,587,274,209,208,207,209,1240,1240,1232,1240,1241,1241,195,394,193,427,426,630,423,425,104,1668,2118,2107,2107,2107,2104,2486,2486,2486,2486,2072,2495,2517
