Project	SNP_Type	Total_Num_SNPs	Num_Times_SNP_Arises	Count_SNP_Arises	relative_frequency	Num_Convergence_Events	Num_Convergence_Events_8_bin	Locus Type
Cd_3	biallelic	227216	0	10080	4.43630730230266	-1	-1	biallelic
Cd_3	biallelic	227216	1	151568	66.706569959862	0	0	biallelic
Cd_3	biallelic	227216	2	31561	13.8903070206324	1	1	biallelic
Cd_3	biallelic	227216	3	12764	5.61756214351102	2	2	biallelic
Cd_3	biallelic	227216	4	6503	2.8620343637772	3	3	biallelic
Cd_3	biallelic	227216	5	4250	1.87046686853039	4	4	biallelic
Cd_3	biallelic	227216	6	2967	1.30580592915992	5	5	biallelic
Cd_3	biallelic	227216	7	2138	0.940954862333638	6	6	biallelic
Cd_3	biallelic	227216	8	1505	0.662365326385466	7	7	biallelic
Cd_3	biallelic	227216	9	986	0.433948313499049	8	>7	biallelic
Cd_3	biallelic	227216	10	617	0.27154777832547	9	>7	biallelic
Cd_3	biallelic	227216	11	437	0.192328005070065	10	>7	biallelic
Cd_3	biallelic	227216	12	304	0.13379339483135	11	>7	biallelic
Cd_3	biallelic	227216	13	222	0.097704387014999	12	>7	biallelic
Cd_3	biallelic	227216	14	175	0.07701922399831	13	>7	biallelic
Cd_3	biallelic	227216	15	152	0.066896697415675	14	>7	biallelic
Cd_3	biallelic	227216	16	124	0.0545736215759454	15	>7	biallelic
Cd_3	biallelic	227216	17	113	0.0497324132103373	16	>7	biallelic
Cd_3	biallelic	227216	18	119	0.0523730723188508	17	>7	biallelic
Cd_3	biallelic	227216	19	89	0.0391697767762834	18	>7	biallelic
Cd_3	biallelic	227216	20	119	0.0523730723188508	19	>7	biallelic
Cd_3	biallelic	227216	21	80	0.0352087881135131	20	>7	biallelic
Cd_3	biallelic	227216	22	48	0.0211252728681079	21	>7	biallelic
Cd_3	biallelic	227216	23	73	0.0321280191535807	22	>7	biallelic
Cd_3	biallelic	227216	24	54	0.0237659319766214	23	>7	biallelic
Cd_3	biallelic	227216	25	43	0.0189247236110133	24	>7	biallelic
Cd_3	biallelic	227216	26	27	0.0118829659883107	25	>7	biallelic
Cd_3	biallelic	227216	27	23	0.010122526582635	26	>7	biallelic
Cd_3	biallelic	227216	28	26	0.0114428561368918	27	>7	biallelic
Cd_3	biallelic	227216	29	15	0.00660164777128371	28	>7	biallelic
Cd_3	biallelic	227216	30	7	0.0030807689599324	29	>7	biallelic
Cd_3	biallelic	227216	31	6	0.00264065910851348	30	>7	biallelic
Cd_3	biallelic	227216	32	4	0.00176043940567566	31	>7	biallelic
Cd_3	biallelic	227216	33	7	0.0030807689599324	32	>7	biallelic
Cd_3	biallelic	227216	34	6	0.00264065910851348	33	>7	biallelic
Cd_3	biallelic	227216	35	1	4.40109851418914e-4	34	>7	biallelic
Cd_3	biallelic	227216	40	1	4.40109851418914e-4	39	>7	biallelic
Cd_3	biallelic	227216	50	1	4.40109851418914e-4	49	>7	biallelic
Cd_3	biallelic	227216	67	1	4.40109851418914e-4	66	>7	biallelic
Cd_3	multiallelic	7546	0	197	2.61065465147098	-1	-1	multiallelic
Cd_3	multiallelic	7546	1	4551	60.3100980652001	0	0	multiallelic
Cd_3	multiallelic	7546	2	1276	16.9096209912536	1	1	multiallelic
Cd_3	multiallelic	7546	3	603	7.9909886032335	2	2	multiallelic
Cd_3	multiallelic	7546	4	283	3.75033130135171	3	3	multiallelic
Cd_3	multiallelic	7546	5	212	2.80943546249669	4	4	multiallelic
Cd_3	multiallelic	7546	6	151	2.00106016432547	5	5	multiallelic
Cd_3	multiallelic	7546	7	87	1.15292870394911	6	6	multiallelic
Cd_3	multiallelic	7546	8	61	0.808375298171217	7	7	multiallelic
Cd_3	multiallelic	7546	9	33	0.43731778425656	8	>7	multiallelic
Cd_3	multiallelic	7546	10	19	0.251789027299231	9	>7	multiallelic
Cd_3	multiallelic	7546	11	14	0.185528756957328	10	>7	multiallelic
Cd_3	multiallelic	7546	12	12	0.159024648820567	11	>7	multiallelic
Cd_3	multiallelic	7546	13	9	0.119268486615425	12	>7	multiallelic
Cd_3	multiallelic	7546	14	5	0.066260270341903	13	>7	multiallelic
Cd_3	multiallelic	7546	15	10	0.132520540683806	14	>7	multiallelic
Cd_3	multiallelic	7546	16	7	0.0927643784786642	15	>7	multiallelic
Cd_3	multiallelic	7546	17	2	0.0265041081367612	16	>7	multiallelic
Cd_3	multiallelic	7546	18	4	0.0530082162735224	17	>7	multiallelic
Cd_3	multiallelic	7546	20	1	0.0132520540683806	19	>7	multiallelic
Cd_3	multiallelic	7546	21	5	0.066260270341903	20	>7	multiallelic
Cd_3	multiallelic	7546	22	1	0.0132520540683806	21	>7	multiallelic
Cd_3	multiallelic	7546	24	1	0.0132520540683806	23	>7	multiallelic
Cd_3	multiallelic	7546	26	1	0.0132520540683806	25	>7	multiallelic
Cd_3	multiallelic	7546	62	1	0.0132520540683806	61	>7	multiallelic
Cd_4	biallelic	249911	0	16681	6.67477622033444	-1	-1	biallelic
Cd_4	biallelic	249911	1	156431	62.5946837073998	0	0	biallelic
Cd_4	biallelic	249911	2	33656	13.4671943211783	1	1	biallelic
Cd_4	biallelic	249911	3	13057	5.22465997895251	2	2	biallelic
Cd_4	biallelic	249911	4	7614	3.04668461972462	3	3	biallelic
Cd_4	biallelic	249911	5	5571	2.22919359291908	4	4	biallelic
Cd_4	biallelic	249911	6	4101	1.64098419037177	5	5	biallelic
Cd_4	biallelic	249911	7	3404	1.36208490222519	6	6	biallelic
Cd_4	biallelic	249911	8	2222	0.889116525483072	7	7	biallelic
Cd_4	biallelic	249911	9	1720	0.68824501522542	8	>7	biallelic
Cd_4	biallelic	249911	10	1227	0.490974787024181	9	>7	biallelic
Cd_4	biallelic	249911	11	887	0.354926353781946	10	>7	biallelic
Cd_4	biallelic	249911	12	657	0.262893590118082	11	>7	biallelic
Cd_4	biallelic	249911	13	515	0.206073362116914	12	>7	biallelic
Cd_4	biallelic	249911	14	418	0.167259544397806	13	>7	biallelic
Cd_4	biallelic	249911	15	291	0.116441453157324	14	>7	biallelic
Cd_4	biallelic	249911	16	243	0.0972346155231262	15	>7	biallelic
Cd_4	biallelic	249911	17	185	0.0740263533818039	16	>7	biallelic
Cd_4	biallelic	249911	18	147	0.0588209402547307	17	>7	biallelic
Cd_4	biallelic	249911	19	154	0.0616219374097179	18	>7	biallelic
Cd_4	biallelic	249911	20	103	0.0412146724233827	19	>7	biallelic
Cd_4	biallelic	249911	21	87	0.0348123932119835	20	>7	biallelic
Cd_4	biallelic	249911	22	85	0.0340121083105586	21	>7	biallelic
Cd_4	biallelic	249911	23	69	0.0276098290991593	22	>7	biallelic
Cd_4	biallelic	249911	24	50	0.0200071225356227	23	>7	biallelic
Cd_4	biallelic	249911	25	36	0.0144051282256483	24	>7	biallelic
Cd_4	biallelic	249911	26	40	0.0160056980284981	25	>7	biallelic
Cd_4	biallelic	249911	27	33	0.013204700873511	26	>7	biallelic
Cd_4	biallelic	249911	28	41	0.0164058404792106	27	>7	biallelic
Cd_4	biallelic	249911	29	16	0.00640227921139926	28	>7	biallelic
Cd_4	biallelic	249911	30	20	0.00800284901424907	29	>7	biallelic
Cd_4	biallelic	249911	31	20	0.00800284901424907	30	>7	biallelic
Cd_4	biallelic	249911	32	9	0.00360128205641208	31	>7	biallelic
Cd_4	biallelic	249911	33	11	0.00440156695783699	32	>7	biallelic
Cd_4	biallelic	249911	34	10	0.00400142450712454	33	>7	biallelic
Cd_4	biallelic	249911	35	12	0.00480170940854944	34	>7	biallelic
Cd_4	biallelic	249911	36	2	8.00284901424907e-4	35	>7	biallelic
Cd_4	biallelic	249911	37	7	0.00280099715498718	36	>7	biallelic
Cd_4	biallelic	249911	38	5	0.00200071225356227	37	>7	biallelic
Cd_4	biallelic	249911	39	6	0.00240085470427472	38	>7	biallelic
Cd_4	biallelic	249911	40	3	0.00120042735213736	39	>7	biallelic
Cd_4	biallelic	249911	43	3	0.00120042735213736	42	>7	biallelic
Cd_4	biallelic	249911	44	2	8.00284901424907e-4	43	>7	biallelic
Cd_4	biallelic	249911	45	6	0.00240085470427472	44	>7	biallelic
Cd_4	biallelic	249911	46	2	8.00284901424907e-4	45	>7	biallelic
Cd_4	biallelic	249911	47	2	8.00284901424907e-4	46	>7	biallelic
Cd_4	biallelic	249911	48	2	8.00284901424907e-4	47	>7	biallelic
Cd_4	biallelic	249911	49	5	0.00200071225356227	48	>7	biallelic
Cd_4	biallelic	249911	50	2	8.00284901424907e-4	49	>7	biallelic
Cd_4	biallelic	249911	51	2	8.00284901424907e-4	50	>7	biallelic
Cd_4	biallelic	249911	52	7	0.00280099715498718	51	>7	biallelic
Cd_4	biallelic	249911	53	6	0.00240085470427472	52	>7	biallelic
Cd_4	biallelic	249911	54	1	4.00142450712454e-4	53	>7	biallelic
Cd_4	biallelic	249911	55	2	8.00284901424907e-4	54	>7	biallelic
Cd_4	biallelic	249911	57	2	8.00284901424907e-4	56	>7	biallelic
Cd_4	biallelic	249911	59	1	4.00142450712454e-4	58	>7	biallelic
Cd_4	biallelic	249911	60	2	8.00284901424907e-4	59	>7	biallelic
Cd_4	biallelic	249911	61	2	8.00284901424907e-4	60	>7	biallelic
Cd_4	biallelic	249911	62	1	4.00142450712454e-4	61	>7	biallelic
Cd_4	biallelic	249911	63	1	4.00142450712454e-4	62	>7	biallelic
Cd_4	biallelic	249911	65	3	0.00120042735213736	64	>7	biallelic
Cd_4	biallelic	249911	66	2	8.00284901424907e-4	65	>7	biallelic
Cd_4	biallelic	249911	67	2	8.00284901424907e-4	66	>7	biallelic
Cd_4	biallelic	249911	68	2	8.00284901424907e-4	67	>7	biallelic
Cd_4	biallelic	249911	72	1	4.00142450712454e-4	71	>7	biallelic
Cd_4	biallelic	249911	76	1	4.00142450712454e-4	75	>7	biallelic
Cd_4	biallelic	249911	78	1	4.00142450712454e-4	77	>7	biallelic
Cd_4	biallelic	249911	80	2	8.00284901424907e-4	79	>7	biallelic
Cd_4	multiallelic	9698	0	559	5.76407506702413	-1	-1	multiallelic
Cd_4	multiallelic	9698	1	5436	56.052794390596	0	0	multiallelic
Cd_4	multiallelic	9698	2	1604	16.5394926789029	1	1	multiallelic
Cd_4	multiallelic	9698	3	672	6.92926376572489	2	2	multiallelic
Cd_4	multiallelic	9698	4	423	4.3617240668179	3	3	multiallelic
Cd_4	multiallelic	9698	5	266	2.74283357393277	4	4	multiallelic
Cd_4	multiallelic	9698	6	164	1.6910703237781	5	5	multiallelic
Cd_4	multiallelic	9698	7	138	1.42297380903279	6	6	multiallelic
Cd_4	multiallelic	9698	8	105	1.08269746339451	7	7	multiallelic
Cd_4	multiallelic	9698	9	117	1.20643431635389	8	>7	multiallelic
Cd_4	multiallelic	9698	10	58	0.598061455970303	9	>7	multiallelic
Cd_4	multiallelic	9698	11	36	0.371210558878119	10	>7	multiallelic
Cd_4	multiallelic	9698	12	24	0.247473705918746	11	>7	multiallelic
Cd_4	multiallelic	9698	13	33	0.340276345638276	12	>7	multiallelic
Cd_4	multiallelic	9698	14	16	0.164982470612497	13	>7	multiallelic
Cd_4	multiallelic	9698	15	13	0.134048257372654	14	>7	multiallelic
Cd_4	multiallelic	9698	16	6	0.0618684264796865	15	>7	multiallelic
Cd_4	multiallelic	9698	17	6	0.0618684264796865	16	>7	multiallelic
Cd_4	multiallelic	9698	18	5	0.0515570220664054	17	>7	multiallelic
Cd_4	multiallelic	9698	19	2	0.0206228088265622	18	>7	multiallelic
Cd_4	multiallelic	9698	20	3	0.0309342132398433	19	>7	multiallelic
Cd_4	multiallelic	9698	21	2	0.0206228088265622	20	>7	multiallelic
Cd_4	multiallelic	9698	22	2	0.0206228088265622	21	>7	multiallelic
Cd_4	multiallelic	9698	24	1	0.0103114044132811	23	>7	multiallelic
Cd_4	multiallelic	9698	25	3	0.0309342132398433	24	>7	multiallelic
Cd_4	multiallelic	9698	26	1	0.0103114044132811	25	>7	multiallelic
Cd_4	multiallelic	9698	27	1	0.0103114044132811	26	>7	multiallelic
Cd_4	multiallelic	9698	39	1	0.0103114044132811	38	>7	multiallelic
Cd_4	multiallelic	9698	43	1	0.0103114044132811	42	>7	multiallelic
Kp_1	biallelic	116596	0	15928	13.6608459981474	-1	-1	biallelic
Kp_1	biallelic	116596	1	66419	56.9650759888847	0	0	biallelic
Kp_1	biallelic	116596	2	16478	14.1325602936636	1	1	biallelic
Kp_1	biallelic	116596	3	12081	10.3614189166009	2	2	biallelic
Kp_1	biallelic	116596	4	4123	3.53614189166009	3	3	biallelic
Kp_1	biallelic	116596	5	179	0.153521561631617	4	4	biallelic
Kp_1	biallelic	116596	6	73	0.0626093519503242	5	5	biallelic
Kp_1	biallelic	116596	7	20	0.0171532471096779	6	6	biallelic
Kp_1	biallelic	116596	8	26	0.0222992212425812	7	7	biallelic
Kp_1	biallelic	116596	9	15	0.0128649353322584	8	>7	biallelic
Kp_1	biallelic	116596	10	19	0.016295584754194	9	>7	biallelic
Kp_1	biallelic	116596	11	17	0.0145802600432262	10	>7	biallelic
Kp_1	biallelic	116596	12	19	0.016295584754194	11	>7	biallelic
Kp_1	biallelic	116596	13	6	0.00514597413290336	12	>7	biallelic
Kp_1	biallelic	116596	14	6	0.00514597413290336	13	>7	biallelic
Kp_1	biallelic	116596	15	28	0.024014545953549	14	>7	biallelic
Kp_1	biallelic	116596	16	23	0.0197262341761295	15	>7	biallelic
Kp_1	biallelic	116596	17	12	0.0102919482658067	16	>7	biallelic
Kp_1	biallelic	116596	18	102	0.0874815602593571	17	>7	biallelic
Kp_1	biallelic	116596	19	41	0.0351641565748396	18	>7	biallelic
Kp_1	biallelic	116596	20	83	0.0711859755051631	19	>7	biallelic
Kp_1	biallelic	116596	21	65	0.0557480531064531	20	>7	biallelic
Kp_1	biallelic	116596	22	74	0.0634670143058081	21	>7	biallelic
Kp_1	biallelic	116596	23	90	0.0771896119935504	22	>7	biallelic
Kp_1	biallelic	116596	24	205	0.175820782874198	23	>7	biallelic
Kp_1	biallelic	116596	25	90	0.0771896119935504	24	>7	biallelic
Kp_1	biallelic	116596	26	119	0.102061820302583	25	>7	biallelic
Kp_1	biallelic	116596	27	27	0.0231568835980651	26	>7	biallelic
Kp_1	biallelic	116596	28	42	0.0360218189303235	27	>7	biallelic
Kp_1	biallelic	116596	29	40	0.0343064942193557	28	>7	biallelic
Kp_1	biallelic	116596	30	5	0.00428831177741947	29	>7	biallelic
Kp_1	biallelic	116596	31	7	0.00600363648838725	30	>7	biallelic
Kp_1	biallelic	116596	32	18	0.0154379223987101	31	>7	biallelic
Kp_1	biallelic	116596	33	25	0.0214415588870973	32	>7	biallelic
Kp_1	biallelic	116596	34	11	0.00943428591032282	33	>7	biallelic
Kp_1	biallelic	116596	35	10	0.00857662355483893	34	>7	biallelic
Kp_1	biallelic	116596	36	7	0.00600363648838725	35	>7	biallelic
Kp_1	biallelic	116596	37	4	0.00343064942193557	36	>7	biallelic
Kp_1	biallelic	116596	38	2	0.00171532471096779	37	>7	biallelic
Kp_1	biallelic	116596	39	2	0.00171532471096779	38	>7	biallelic
Kp_1	biallelic	116596	40	12	0.0102919482658067	39	>7	biallelic
Kp_1	biallelic	116596	41	6	0.00514597413290336	40	>7	biallelic
Kp_1	biallelic	116596	42	7	0.00600363648838725	41	>7	biallelic
Kp_1	biallelic	116596	43	9	0.00771896119935504	42	>7	biallelic
Kp_1	biallelic	116596	44	4	0.00343064942193557	43	>7	biallelic
Kp_1	biallelic	116596	46	3	0.00257298706645168	45	>7	biallelic
Kp_1	biallelic	116596	47	4	0.00343064942193557	46	>7	biallelic
Kp_1	biallelic	116596	48	1	8.57662355483893e-4	47	>7	biallelic
Kp_1	biallelic	116596	49	4	0.00343064942193557	48	>7	biallelic
Kp_1	biallelic	116596	50	1	8.57662355483893e-4	49	>7	biallelic
Kp_1	biallelic	116596	54	1	8.57662355483893e-4	53	>7	biallelic
Kp_1	biallelic	116596	55	2	0.00171532471096779	54	>7	biallelic
Kp_1	biallelic	116596	57	1	8.57662355483893e-4	56	>7	biallelic
Kp_1	multiallelic	1898	0	66	3.47734457323498	-1	-1	multiallelic
Kp_1	multiallelic	1898	1	1283	67.5974710221286	0	0	multiallelic
Kp_1	multiallelic	1898	2	313	16.491043203372	1	1	multiallelic
Kp_1	multiallelic	1898	3	153	8.06111696522655	2	2	multiallelic
Kp_1	multiallelic	1898	4	66	3.47734457323498	3	3	multiallelic
Kp_1	multiallelic	1898	5	9	0.47418335089568	4	4	multiallelic
Kp_1	multiallelic	1898	6	3	0.158061116965227	5	5	multiallelic
Kp_1	multiallelic	1898	7	1	0.0526870389884088	6	6	multiallelic
Kp_1	multiallelic	1898	9	1	0.0526870389884088	8	>7	multiallelic
Kp_1	multiallelic	1898	11	2	0.105374077976818	10	>7	multiallelic
Kp_1	multiallelic	1898	12	1	0.0526870389884088	11	>7	multiallelic
Sa_1	biallelic	53560	0	8593	16.0436893203883	-1	-1	biallelic
Sa_1	biallelic	53560	1	32470	60.6235997012696	0	0	biallelic
Sa_1	biallelic	53560	2	8842	16.5085884988798	1	1	biallelic
Sa_1	biallelic	53560	3	1648	3.07692307692308	2	2	biallelic
Sa_1	biallelic	53560	4	765	1.42830470500373	3	3	biallelic
Sa_1	biallelic	53560	5	418	0.780433159073936	4	4	biallelic
Sa_1	biallelic	53560	6	320	0.597460791635549	5	5	biallelic
Sa_1	biallelic	53560	7	202	0.37714712471994	6	6	biallelic
Sa_1	biallelic	53560	8	121	0.225914861837192	7	7	biallelic
Sa_1	biallelic	53560	9	74	0.138162808065721	8	>7	biallelic
Sa_1	biallelic	53560	10	46	0.0858849887976102	9	>7	biallelic
Sa_1	biallelic	53560	11	31	0.0578790141896938	10	>7	biallelic
Sa_1	biallelic	53560	12	6	0.0112023898431665	11	>7	biallelic
Sa_1	biallelic	53560	13	12	0.0224047796863331	12	>7	biallelic
Sa_1	biallelic	53560	14	1	0.00186706497386109	13	>7	biallelic
Sa_1	biallelic	53560	15	7	0.0130694548170276	14	>7	biallelic
Sa_1	biallelic	53560	16	1	0.00186706497386109	15	>7	biallelic
Sa_1	biallelic	53560	17	1	0.00186706497386109	16	>7	biallelic
Sa_1	biallelic	53560	18	1	0.00186706497386109	17	>7	biallelic
Sa_1	biallelic	53560	21	1	0.00186706497386109	20	>7	biallelic
Sa_1	multiallelic	637	0	16	2.51177394034537	-1	-1	multiallelic
Sa_1	multiallelic	637	1	494	77.5510204081633	0	0	multiallelic
Sa_1	multiallelic	637	2	85	13.3437990580848	1	1	multiallelic
Sa_1	multiallelic	637	3	20	3.13971742543171	2	2	multiallelic
Sa_1	multiallelic	637	4	7	1.0989010989011	3	3	multiallelic
Sa_1	multiallelic	637	5	7	1.0989010989011	4	4	multiallelic
Sa_1	multiallelic	637	6	5	0.784929356357928	5	5	multiallelic
Sa_1	multiallelic	637	8	2	0.313971742543171	7	7	multiallelic
Sa_1	multiallelic	637	9	1	0.156985871271586	8	>7	multiallelic
Sa_2	biallelic	91725	0	5196	5.664758789861	-1	-1	biallelic
Sa_2	biallelic	91725	1	75712	82.5423821204688	0	0	biallelic
Sa_2	biallelic	91725	2	3276	3.57154538021259	1	1	biallelic
Sa_2	biallelic	91725	3	1147	1.25047696920142	2	2	biallelic
Sa_2	biallelic	91725	4	1018	1.10983919324067	3	3	biallelic
Sa_2	biallelic	91725	5	620	0.675933496865631	4	4	biallelic
Sa_2	biallelic	91725	6	510	0.556009811937858	5	5	biallelic
Sa_2	biallelic	91725	7	409	0.445898064867811	6	6	biallelic
Sa_2	biallelic	91725	8	337	0.367402562005996	7	7	biallelic
Sa_2	biallelic	91725	9	239	0.260561460888525	8	>7	biallelic
Sa_2	biallelic	91725	10	265	0.288907059144181	9	>7	biallelic
Sa_2	biallelic	91725	11	213	0.23221586263287	10	>7	biallelic
Sa_2	biallelic	91725	12	366	0.399018806214227	11	>7	biallelic
Sa_2	biallelic	91725	13	207	0.225674570727719	12	>7	biallelic
Sa_2	biallelic	91725	14	230	0.250749523030799	13	>7	biallelic
Sa_2	biallelic	91725	15	177	0.192968111201962	14	>7	biallelic
Sa_2	biallelic	91725	16	154	0.167893158898883	15	>7	biallelic
Sa_2	biallelic	91725	17	210	0.228945216680294	16	>7	biallelic
Sa_2	biallelic	91725	18	209	0.227855001362769	17	>7	biallelic
Sa_2	biallelic	91725	19	95	0.103570455164895	18	>7	biallelic
Sa_2	biallelic	91725	20	101	0.110111747070046	19	>7	biallelic
Sa_2	biallelic	91725	21	105	0.114472608340147	20	>7	biallelic
Sa_2	biallelic	91725	22	114	0.124284546197874	21	>7	biallelic
Sa_2	biallelic	91725	23	96	0.10466067048242	22	>7	biallelic
Sa_2	biallelic	91725	24	94	0.10248023984737	23	>7	biallelic
Sa_2	biallelic	91725	25	84	0.0915780866721177	24	>7	biallelic
Sa_2	biallelic	91725	26	87	0.0948487326246934	25	>7	biallelic
Sa_2	biallelic	91725	27	65	0.0708639956391387	26	>7	biallelic
Sa_2	biallelic	91725	28	58	0.0632324884164623	27	>7	biallelic
Sa_2	biallelic	91725	29	54	0.0588716271463614	28	>7	biallelic
Sa_2	biallelic	91725	30	28	0.0305260288907059	29	>7	biallelic
Sa_2	biallelic	91725	31	28	0.0305260288907059	30	>7	biallelic
Sa_2	biallelic	91725	32	16	0.0174434450804034	31	>7	biallelic
Sa_2	biallelic	91725	33	27	0.0294358135731807	32	>7	biallelic
Sa_2	biallelic	91725	34	27	0.0294358135731807	33	>7	biallelic
Sa_2	biallelic	91725	35	24	0.0261651676206051	34	>7	biallelic
Sa_2	biallelic	91725	36	18	0.0196238757154538	35	>7	biallelic
Sa_2	biallelic	91725	37	25	0.0272553829381303	36	>7	biallelic
Sa_2	biallelic	91725	38	22	0.0239847369855546	37	>7	biallelic
Sa_2	biallelic	91725	39	26	0.0283455982556555	38	>7	biallelic
Sa_2	biallelic	91725	40	5	0.00545107658762606	39	>7	biallelic
Sa_2	biallelic	91725	41	4	0.00436086127010085	40	>7	biallelic
Sa_2	biallelic	91725	42	7	0.00763150722267648	41	>7	biallelic
Sa_2	biallelic	91725	43	3	0.00327064595257563	42	>7	biallelic
Sa_2	biallelic	91725	44	1	0.00109021531752521	43	>7	biallelic
Sa_2	biallelic	91725	45	1	0.00109021531752521	44	>7	biallelic
Sa_2	biallelic	91725	46	1	0.00109021531752521	45	>7	biallelic
Sa_2	biallelic	91725	47	5	0.00545107658762606	46	>7	biallelic
Sa_2	biallelic	91725	48	4	0.00436086127010085	47	>7	biallelic
Sa_2	biallelic	91725	50	1	0.00109021531752521	49	>7	biallelic
Sa_2	biallelic	91725	52	1	0.00109021531752521	51	>7	biallelic
Sa_2	biallelic	91725	68	1	0.00109021531752521	67	>7	biallelic
Sa_2	biallelic	91725	96	1	0.00109021531752521	95	>7	biallelic
Sa_2	biallelic	91725	102	1	0.00109021531752521	101	>7	biallelic
Sa_2	multiallelic	1289	0	6	0.465477114041893	-1	-1	multiallelic
Sa_2	multiallelic	1289	1	985	76.4158262218774	0	0	multiallelic
Sa_2	multiallelic	1289	2	97	7.52521334367727	1	1	multiallelic
Sa_2	multiallelic	1289	3	40	3.10318076027929	2	2	multiallelic
Sa_2	multiallelic	1289	4	37	2.87044220325834	3	3	multiallelic
Sa_2	multiallelic	1289	5	29	2.24980605120248	4	4	multiallelic
Sa_2	multiallelic	1289	6	10	0.775795190069822	5	5	multiallelic
Sa_2	multiallelic	1289	7	13	1.00853374709077	6	6	multiallelic
Sa_2	multiallelic	1289	8	10	0.775795190069822	7	7	multiallelic
Sa_2	multiallelic	1289	9	7	0.543056633048875	8	>7	multiallelic
Sa_2	multiallelic	1289	10	4	0.310318076027929	9	>7	multiallelic
Sa_2	multiallelic	1289	11	8	0.620636152055857	10	>7	multiallelic
Sa_2	multiallelic	1289	12	8	0.620636152055857	11	>7	multiallelic
Sa_2	multiallelic	1289	13	5	0.387897595034911	12	>7	multiallelic
Sa_2	multiallelic	1289	14	6	0.465477114041893	13	>7	multiallelic
Sa_2	multiallelic	1289	15	7	0.543056633048875	14	>7	multiallelic
Sa_2	multiallelic	1289	16	3	0.232738557020946	15	>7	multiallelic
Sa_2	multiallelic	1289	17	3	0.232738557020946	16	>7	multiallelic
Sa_2	multiallelic	1289	18	1	0.0775795190069822	17	>7	multiallelic
Sa_2	multiallelic	1289	19	3	0.232738557020946	18	>7	multiallelic
Sa_2	multiallelic	1289	21	2	0.155159038013964	20	>7	multiallelic
Sa_2	multiallelic	1289	22	3	0.232738557020946	21	>7	multiallelic
Sa_2	multiallelic	1289	23	1	0.0775795190069822	22	>7	multiallelic
Sa_2	multiallelic	1289	24	1	0.0775795190069822	23	>7	multiallelic
Efm_1	biallelic	27368	1	13132	47.9830458930137	0	0	biallelic
Efm_1	biallelic	27368	2	4114	15.032154340836	1	1	biallelic
Efm_1	biallelic	27368	3	2839	10.3734288219819	2	2	biallelic
Efm_1	biallelic	27368	4	2829	10.3368897983046	3	3	biallelic
Efm_1	biallelic	27368	5	1357	4.95834551300789	4	4	biallelic
Efm_1	biallelic	27368	6	558	2.03887752119263	5	5	biallelic
Efm_1	biallelic	27368	7	703	2.5686933645133	6	6	biallelic
Efm_1	biallelic	27368	8	469	1.71368021046478	7	7	biallelic
Efm_1	biallelic	27368	9	202	0.738088278281204	8	>7	biallelic
Efm_1	biallelic	27368	10	134	0.48962291727565	9	>7	biallelic
Efm_1	biallelic	27368	11	129	0.471353405437007	10	>7	biallelic
Efm_1	biallelic	27368	12	108	0.394621455714703	11	>7	biallelic
Efm_1	biallelic	27368	13	63	0.23019584916691	12	>7	biallelic
Efm_1	biallelic	27368	14	83	0.303273896521485	13	>7	biallelic
Efm_1	biallelic	27368	15	77	0.281350482315113	14	>7	biallelic
Efm_1	biallelic	27368	16	52	0.190002923121894	15	>7	biallelic
Efm_1	biallelic	27368	17	57	0.208272434960538	16	>7	biallelic
Efm_1	biallelic	27368	18	78	0.285004384682841	17	>7	biallelic
Efm_1	biallelic	27368	19	114	0.416544869921076	18	>7	biallelic
Efm_1	biallelic	27368	20	41	0.149809997076878	19	>7	biallelic
Efm_1	biallelic	27368	21	31	0.113270973399591	20	>7	biallelic
Efm_1	biallelic	27368	22	20	0.0730780473545747	21	>7	biallelic
Efm_1	biallelic	27368	23	19	0.0694241449868459	22	>7	biallelic
Efm_1	biallelic	27368	24	21	0.0767319497223034	23	>7	biallelic
Efm_1	biallelic	27368	25	9	0.0328851213095586	24	>7	biallelic
Efm_1	biallelic	27368	26	5	0.0182695118386437	25	>7	biallelic
Efm_1	biallelic	27368	27	26	0.0950014615609471	26	>7	biallelic
Efm_1	biallelic	27368	28	8	0.0292312189418299	27	>7	biallelic
Efm_1	biallelic	27368	29	13	0.0475007307804735	28	>7	biallelic
Efm_1	biallelic	27368	30	16	0.0584624378836597	29	>7	biallelic
Efm_1	biallelic	27368	31	3	0.0109617071031862	30	>7	biallelic
Efm_1	biallelic	27368	32	3	0.0109617071031862	31	>7	biallelic
Efm_1	biallelic	27368	33	3	0.0109617071031862	32	>7	biallelic
Efm_1	biallelic	27368	34	10	0.0365390236772873	33	>7	biallelic
Efm_1	biallelic	27368	35	3	0.0109617071031862	34	>7	biallelic
Efm_1	biallelic	27368	38	2	0.00730780473545747	37	>7	biallelic
Efm_1	biallelic	27368	41	2	0.00730780473545747	40	>7	biallelic
Efm_1	biallelic	27368	45	1	0.00365390236772873	44	>7	biallelic
Efm_1	biallelic	27368	47	2	0.00730780473545747	46	>7	biallelic
Efm_1	biallelic	27368	48	3	0.0109617071031862	47	>7	biallelic
Efm_1	biallelic	27368	49	1	0.00365390236772873	48	>7	biallelic
Efm_1	biallelic	27368	53	2	0.00730780473545747	52	>7	biallelic
Efm_1	biallelic	27368	54	4	0.0146156094709149	53	>7	biallelic
Efm_1	biallelic	27368	55	3	0.0109617071031862	54	>7	biallelic
Efm_1	biallelic	27368	58	3	0.0109617071031862	57	>7	biallelic
Efm_1	biallelic	27368	69	1	0.00365390236772873	68	>7	biallelic
Efm_1	biallelic	27368	73	1	0.00365390236772873	72	>7	biallelic
Efm_1	biallelic	27368	85	2	0.00730780473545747	84	>7	biallelic
Efm_1	biallelic	27368	91	1	0.00365390236772873	90	>7	biallelic
Efm_1	biallelic	27368	92	1	0.00365390236772873	91	>7	biallelic
Efm_1	biallelic	27368	94	1	0.00365390236772873	93	>7	biallelic
Efm_1	biallelic	27368	95	3	0.0109617071031862	94	>7	biallelic
Efm_1	biallelic	27368	102	1	0.00365390236772873	101	>7	biallelic
Efm_1	biallelic	27368	105	1	0.00365390236772873	104	>7	biallelic
Efm_1	biallelic	27368	106	1	0.00365390236772873	105	>7	biallelic
Efm_1	biallelic	27368	110	3	0.0109617071031862	109	>7	biallelic
Efm_1	multiallelic	365	1	243	66.5753424657534	0	0	multiallelic
Efm_1	multiallelic	365	2	40	10.958904109589	1	1	multiallelic
Efm_1	multiallelic	365	3	44	12.0547945205479	2	2	multiallelic
Efm_1	multiallelic	365	4	18	4.93150684931507	3	3	multiallelic
Efm_1	multiallelic	365	5	5	1.36986301369863	4	4	multiallelic
Efm_1	multiallelic	365	6	8	2.19178082191781	5	5	multiallelic
Efm_1	multiallelic	365	8	1	0.273972602739726	7	7	multiallelic
Efm_1	multiallelic	365	9	1	0.273972602739726	8	>7	multiallelic
Efm_1	multiallelic	365	10	2	0.547945205479452	9	>7	multiallelic
Efm_1	multiallelic	365	14	1	0.273972602739726	13	>7	multiallelic
Efm_1	multiallelic	365	15	1	0.273972602739726	14	>7	multiallelic
Efm_1	multiallelic	365	70	1	0.273972602739726	69	>7	multiallelic
Efs_1	biallelic	60714	1	38293	63.0711203346839	0	0	biallelic
Efs_1	biallelic	60714	2	10123	16.6732549329644	1	1	biallelic
Efs_1	biallelic	60714	3	5083	8.37203939783246	2	2	biallelic
Efs_1	biallelic	60714	4	1623	2.67318905030141	3	3	biallelic
Efs_1	biallelic	60714	5	922	1.51859538162533	4	4	biallelic
Efs_1	biallelic	60714	6	602	0.991534077807425	5	5	biallelic
Efs_1	biallelic	60714	7	485	0.798827288599005	6	6	biallelic
Efs_1	biallelic	60714	8	456	0.751062357940508	7	7	biallelic
Efs_1	biallelic	60714	9	536	0.882827683894983	8	>7	biallelic
Efs_1	biallelic	60714	10	400	0.658826629772375	9	>7	biallelic
Efs_1	biallelic	60714	11	316	0.520473037520177	10	>7	biallelic
Efs_1	biallelic	60714	12	243	0.400237177586718	11	>7	biallelic
Efs_1	biallelic	60714	13	196	0.322825048588464	12	>7	biallelic
Efs_1	biallelic	60714	14	196	0.322825048588464	13	>7	biallelic
Efs_1	biallelic	60714	15	171	0.28164838422769	14	>7	biallelic
Efs_1	biallelic	60714	16	152	0.250354119313503	15	>7	biallelic
Efs_1	biallelic	60714	17	108	0.177883190038541	16	>7	biallelic
Efs_1	biallelic	60714	18	217	0.357413446651514	17	>7	biallelic
Efs_1	biallelic	60714	19	87	0.143294791975492	18	>7	biallelic
Efs_1	biallelic	60714	20	121	0.199295055506144	19	>7	biallelic
Efs_1	biallelic	60714	21	47	0.0774121289982541	20	>7	biallelic
Efs_1	biallelic	60714	22	132	0.217412787824884	21	>7	biallelic
Efs_1	biallelic	60714	23	19	0.0312942649141878	22	>7	biallelic
Efs_1	biallelic	60714	24	20	0.0329413314886188	23	>7	biallelic
Efs_1	biallelic	60714	25	13	0.0214118654676022	24	>7	biallelic
Efs_1	biallelic	60714	26	14	0.0230589320420331	25	>7	biallelic
Efs_1	biallelic	60714	27	11	0.0181177323187403	26	>7	biallelic
Efs_1	biallelic	60714	28	10	0.0164706657443094	27	>7	biallelic
Efs_1	biallelic	60714	29	10	0.0164706657443094	28	>7	biallelic
Efs_1	biallelic	60714	30	8	0.0131765325954475	29	>7	biallelic
Efs_1	biallelic	60714	31	10	0.0164706657443094	30	>7	biallelic
Efs_1	biallelic	60714	32	5	0.00823533287215469	31	>7	biallelic
Efs_1	biallelic	60714	33	2	0.00329413314886188	32	>7	biallelic
Efs_1	biallelic	60714	34	3	0.00494119972329282	33	>7	biallelic
Efs_1	biallelic	60714	35	11	0.0181177323187403	34	>7	biallelic
Efs_1	biallelic	60714	36	2	0.00329413314886188	35	>7	biallelic
Efs_1	biallelic	60714	37	2	0.00329413314886188	36	>7	biallelic
Efs_1	biallelic	60714	39	1	0.00164706657443094	38	>7	biallelic
Efs_1	biallelic	60714	40	3	0.00494119972329282	39	>7	biallelic
Efs_1	biallelic	60714	42	5	0.00823533287215469	41	>7	biallelic
Efs_1	biallelic	60714	43	3	0.00494119972329282	42	>7	biallelic
Efs_1	biallelic	60714	44	1	0.00164706657443094	43	>7	biallelic
Efs_1	biallelic	60714	45	12	0.0197647988931713	44	>7	biallelic
Efs_1	biallelic	60714	46	1	0.00164706657443094	45	>7	biallelic
Efs_1	biallelic	60714	48	1	0.00164706657443094	47	>7	biallelic
Efs_1	biallelic	60714	49	1	0.00164706657443094	48	>7	biallelic
Efs_1	biallelic	60714	50	1	0.00164706657443094	49	>7	biallelic
Efs_1	biallelic	60714	51	5	0.00823533287215469	50	>7	biallelic
Efs_1	biallelic	60714	53	1	0.00164706657443094	52	>7	biallelic
Efs_1	biallelic	60714	55	1	0.00164706657443094	54	>7	biallelic
Efs_1	biallelic	60714	56	1	0.00164706657443094	55	>7	biallelic
Efs_1	biallelic	60714	58	2	0.00329413314886188	57	>7	biallelic
Efs_1	biallelic	60714	59	1	0.00164706657443094	58	>7	biallelic
Efs_1	biallelic	60714	63	3	0.00494119972329282	62	>7	biallelic
Efs_1	biallelic	60714	67	1	0.00164706657443094	66	>7	biallelic
Efs_1	biallelic	60714	68	2	0.00329413314886188	67	>7	biallelic
Efs_1	biallelic	60714	69	2	0.00329413314886188	68	>7	biallelic
Efs_1	biallelic	60714	71	1	0.00164706657443094	70	>7	biallelic
Efs_1	biallelic	60714	72	1	0.00164706657443094	71	>7	biallelic
Efs_1	biallelic	60714	76	1	0.00164706657443094	75	>7	biallelic
Efs_1	biallelic	60714	77	1	0.00164706657443094	76	>7	biallelic
Efs_1	biallelic	60714	78	1	0.00164706657443094	77	>7	biallelic
Efs_1	biallelic	60714	80	1	0.00164706657443094	79	>7	biallelic
Efs_1	biallelic	60714	82	4	0.00658826629772375	81	>7	biallelic
Efs_1	biallelic	60714	83	2	0.00329413314886188	82	>7	biallelic
Efs_1	biallelic	60714	88	2	0.00329413314886188	87	>7	biallelic
Efs_1	biallelic	60714	90	1	0.00164706657443094	89	>7	biallelic
Efs_1	biallelic	60714	91	2	0.00329413314886188	90	>7	biallelic
Efs_1	multiallelic	887	1	590	66.5163472378805	0	0	multiallelic
Efs_1	multiallelic	887	2	173	19.5039458850056	1	1	multiallelic
Efs_1	multiallelic	887	3	57	6.42615558060879	2	2	multiallelic
Efs_1	multiallelic	887	4	23	2.59301014656144	3	3	multiallelic
Efs_1	multiallelic	887	5	20	2.25479143179256	4	4	multiallelic
Efs_1	multiallelic	887	6	7	0.789177001127396	5	5	multiallelic
Efs_1	multiallelic	887	7	4	0.450958286358512	6	6	multiallelic
Efs_1	multiallelic	887	8	2	0.225479143179256	7	7	multiallelic
Efs_1	multiallelic	887	9	1	0.112739571589628	8	>7	multiallelic
Efs_1	multiallelic	887	10	1	0.112739571589628	9	>7	multiallelic
Efs_1	multiallelic	887	12	2	0.225479143179256	11	>7	multiallelic
Efs_1	multiallelic	887	13	3	0.338218714768884	12	>7	multiallelic
Efs_1	multiallelic	887	15	3	0.338218714768884	14	>7	multiallelic
Efs_1	multiallelic	887	20	1	0.112739571589628	19	>7	multiallelic
Sm_1	biallelic	337104	0	2659	0.788777350609901	-1	-1	biallelic
Sm_1	biallelic	337104	1	153868	45.6440742322844	0	0	biallelic
Sm_1	biallelic	337104	2	51944	15.4088945844606	1	1	biallelic
Sm_1	biallelic	337104	3	27837	8.25768902178556	2	2	biallelic
Sm_1	biallelic	337104	4	17914	5.31408704732071	3	3	biallelic
Sm_1	biallelic	337104	5	13269	3.93617399971522	4	4	biallelic
Sm_1	biallelic	337104	6	9947	2.95072143908111	5	5	biallelic
Sm_1	biallelic	337104	7	8091	2.40014950875694	6	6	biallelic
Sm_1	biallelic	337104	8	6589	1.95458968152262	7	7	biallelic
Sm_1	biallelic	337104	9	5661	1.67930371636053	8	>7	biallelic
Sm_1	biallelic	337104	10	4988	1.47966206274621	9	>7	biallelic
Sm_1	biallelic	337104	11	4270	1.26667141297641	10	>7	biallelic
Sm_1	biallelic	337104	12	3819	1.13288480706251	11	>7	biallelic
Sm_1	biallelic	337104	13	3477	1.03143243628079	12	>7	biallelic
Sm_1	biallelic	337104	14	3022	0.896459252930846	13	>7	biallelic
Sm_1	biallelic	337104	15	2520	0.74754378470739	14	>7	biallelic
Sm_1	biallelic	337104	16	2135	0.633335706488205	15	>7	biallelic
Sm_1	biallelic	337104	17	1816	0.538706155963738	16	>7	biallelic
Sm_1	biallelic	337104	18	1589	0.471367886468271	17	>7	biallelic
Sm_1	biallelic	337104	19	1484	0.44022022877213	18	>7	biallelic
Sm_1	biallelic	337104	20	1329	0.394240353125445	19	>7	biallelic
Sm_1	biallelic	337104	21	1286	0.381484645687978	20	>7	biallelic
Sm_1	biallelic	337104	22	1179	0.349743699273815	21	>7	biallelic
Sm_1	biallelic	337104	23	1097	0.325418861834923	22	>7	biallelic
Sm_1	biallelic	337104	24	915	0.271429588494945	23	>7	biallelic
Sm_1	biallelic	337104	25	767	0.227526223361337	24	>7	biallelic
Sm_1	biallelic	337104	26	601	0.178283259765532	25	>7	biallelic
Sm_1	biallelic	337104	27	432	0.128150363092695	26	>7	biallelic
Sm_1	biallelic	337104	28	353	0.104715458730837	27	>7	biallelic
Sm_1	biallelic	337104	29	307	0.0910698182163368	28	>7	biallelic
Sm_1	biallelic	337104	30	219	0.0649651146233803	29	>7	biallelic
Sm_1	biallelic	337104	31	176	0.052209407185913	30	>7	biallelic
Sm_1	biallelic	337104	32	161	0.0477597418007499	31	>7	biallelic
Sm_1	biallelic	337104	33	115	0.0341141012862499	32	>7	biallelic
Sm_1	biallelic	337104	34	112	0.0332241682092173	33	>7	biallelic
Sm_1	biallelic	337104	35	74	0.0219516825668043	34	>7	biallelic
Sm_1	biallelic	337104	36	88	0.0261047035929565	35	>7	biallelic
Sm_1	biallelic	337104	37	66	0.0195785276947174	36	>7	biallelic
Sm_1	biallelic	337104	38	62	0.0183919502586739	37	>7	biallelic
Sm_1	biallelic	337104	39	43	0.0127557074374674	38	>7	biallelic
Sm_1	biallelic	337104	40	45	0.0133489961554891	39	>7	biallelic
Sm_1	biallelic	337104	41	52	0.0154255066685652	40	>7	biallelic
Sm_1	biallelic	337104	42	42	0.0124590630784565	41	>7	biallelic
Sm_1	biallelic	337104	43	49	0.0145355735915326	42	>7	biallelic
Sm_1	biallelic	337104	44	30	0.00889933077032607	43	>7	biallelic
Sm_1	biallelic	337104	45	33	0.00978926384735868	44	>7	biallelic
Sm_1	biallelic	337104	46	38	0.011272485642413	45	>7	biallelic
Sm_1	biallelic	337104	47	34	0.0100859082063695	46	>7	biallelic
Sm_1	biallelic	337104	48	29	0.0086026864113152	47	>7	biallelic
Sm_1	biallelic	337104	49	29	0.0086026864113152	48	>7	biallelic
Sm_1	biallelic	337104	50	29	0.0086026864113152	49	>7	biallelic
Sm_1	biallelic	337104	51	19	0.00563624282120651	50	>7	biallelic
Sm_1	biallelic	337104	52	28	0.00830604205230433	51	>7	biallelic
Sm_1	biallelic	337104	53	21	0.00622953153922825	52	>7	biallelic
Sm_1	biallelic	337104	54	22	0.00652617589823912	53	>7	biallelic
Sm_1	biallelic	337104	55	25	0.00741610897527173	54	>7	biallelic
Sm_1	biallelic	337104	56	22	0.00652617589823912	55	>7	biallelic
Sm_1	biallelic	337104	57	18	0.00533959846219564	56	>7	biallelic
Sm_1	biallelic	337104	58	20	0.00593288718021738	57	>7	biallelic
Sm_1	biallelic	337104	59	25	0.00741610897527173	58	>7	biallelic
Sm_1	biallelic	337104	60	16	0.0047463097441739	59	>7	biallelic
Sm_1	biallelic	337104	61	11	0.00326308794911956	60	>7	biallelic
Sm_1	biallelic	337104	62	13	0.0038563766671413	61	>7	biallelic
Sm_1	biallelic	337104	63	11	0.00326308794911956	62	>7	biallelic
Sm_1	biallelic	337104	64	14	0.00415302102615217	63	>7	biallelic
Sm_1	biallelic	337104	65	15	0.00444966538516304	64	>7	biallelic
Sm_1	biallelic	337104	66	4	0.00118657743604348	65	>7	biallelic
Sm_1	biallelic	337104	67	6	0.00177986615406521	66	>7	biallelic
Sm_1	biallelic	337104	68	10	0.00296644359010869	67	>7	biallelic
Sm_1	biallelic	337104	69	15	0.00444966538516304	68	>7	biallelic
Sm_1	biallelic	337104	70	7	0.00207651051307608	69	>7	biallelic
Sm_1	biallelic	337104	71	15	0.00444966538516304	70	>7	biallelic
Sm_1	biallelic	337104	72	5	0.0014832217950543499	71	>7	biallelic
Sm_1	biallelic	337104	73	6	0.00177986615406521	72	>7	biallelic
Sm_1	biallelic	337104	74	10	0.00296644359010869	73	>7	biallelic
Sm_1	biallelic	337104	75	7	0.00207651051307608	74	>7	biallelic
Sm_1	biallelic	337104	76	6	0.00177986615406521	75	>7	biallelic
Sm_1	biallelic	337104	77	7	0.00207651051307608	76	>7	biallelic
Sm_1	biallelic	337104	78	3	8.89933077032607e-4	77	>7	biallelic
Sm_1	biallelic	337104	79	5	0.0014832217950543499	78	>7	biallelic
Sm_1	biallelic	337104	80	3	8.89933077032607e-4	79	>7	biallelic
Sm_1	biallelic	337104	81	7	0.00207651051307608	80	>7	biallelic
Sm_1	biallelic	337104	82	2	5.93288718021738e-4	81	>7	biallelic
Sm_1	biallelic	337104	83	3	8.89933077032607e-4	82	>7	biallelic
Sm_1	biallelic	337104	84	3	8.89933077032607e-4	83	>7	biallelic
Sm_1	biallelic	337104	85	3	8.89933077032607e-4	84	>7	biallelic
Sm_1	biallelic	337104	86	1	2.96644359010869e-4	85	>7	biallelic
Sm_1	biallelic	337104	88	4	0.00118657743604348	87	>7	biallelic
Sm_1	biallelic	337104	89	1	2.96644359010869e-4	88	>7	biallelic
Sm_1	multiallelic	16425	0	15	0.091324200913242	-1	-1	multiallelic
Sm_1	multiallelic	16425	1	8928	54.3561643835616	0	0	multiallelic
Sm_1	multiallelic	16425	2	2891	17.6012176560122	1	1	multiallelic
Sm_1	multiallelic	16425	3	1574	9.58295281582953	2	2	multiallelic
Sm_1	multiallelic	16425	4	835	5.08371385083714	3	3	multiallelic
Sm_1	multiallelic	16425	5	493	3.00152207001522	4	4	multiallelic
Sm_1	multiallelic	16425	6	359	2.18569254185693	5	5	multiallelic
Sm_1	multiallelic	16425	7	237	1.44292237442922	6	6	multiallelic
Sm_1	multiallelic	16425	8	189	1.15068493150685	7	7	multiallelic
Sm_1	multiallelic	16425	9	148	0.901065449010655	8	>7	multiallelic
Sm_1	multiallelic	16425	10	110	0.669710806697108	9	>7	multiallelic
Sm_1	multiallelic	16425	11	95	0.578386605783866	10	>7	multiallelic
Sm_1	multiallelic	16425	12	82	0.49923896499239	11	>7	multiallelic
Sm_1	multiallelic	16425	13	79	0.480974124809741	12	>7	multiallelic
Sm_1	multiallelic	16425	14	62	0.377473363774734	13	>7	multiallelic
Sm_1	multiallelic	16425	15	51	0.310502283105023	14	>7	multiallelic
Sm_1	multiallelic	16425	16	38	0.231354642313546	15	>7	multiallelic
Sm_1	multiallelic	16425	17	27	0.164383561643836	16	>7	multiallelic
Sm_1	multiallelic	16425	18	39	0.237442922374429	17	>7	multiallelic
Sm_1	multiallelic	16425	19	19	0.115677321156773	18	>7	multiallelic
Sm_1	multiallelic	16425	20	21	0.127853881278539	19	>7	multiallelic
Sm_1	multiallelic	16425	21	16	0.0974124809741248	20	>7	multiallelic
Sm_1	multiallelic	16425	22	18	0.10958904109589	21	>7	multiallelic
Sm_1	multiallelic	16425	23	14	0.0852359208523592	22	>7	multiallelic
Sm_1	multiallelic	16425	24	13	0.0791476407914764	23	>7	multiallelic
Sm_1	multiallelic	16425	25	8	0.0487062404870624	24	>7	multiallelic
Sm_1	multiallelic	16425	26	5	0.030441400304414	25	>7	multiallelic
Sm_1	multiallelic	16425	27	7	0.0426179604261796	26	>7	multiallelic
Sm_1	multiallelic	16425	28	5	0.030441400304414	27	>7	multiallelic
Sm_1	multiallelic	16425	29	4	0.0243531202435312	28	>7	multiallelic
Sm_1	multiallelic	16425	30	4	0.0243531202435312	29	>7	multiallelic
Sm_1	multiallelic	16425	31	3	0.0182648401826484	30	>7	multiallelic
Sm_1	multiallelic	16425	32	7	0.0426179604261796	31	>7	multiallelic
Sm_1	multiallelic	16425	33	2	0.0121765601217656	32	>7	multiallelic
Sm_1	multiallelic	16425	34	6	0.0365296803652968	33	>7	multiallelic
Sm_1	multiallelic	16425	35	3	0.0182648401826484	34	>7	multiallelic
Sm_1	multiallelic	16425	36	2	0.0121765601217656	35	>7	multiallelic
Sm_1	multiallelic	16425	37	1	0.0060882800608828	36	>7	multiallelic
Sm_1	multiallelic	16425	38	1	0.0060882800608828	37	>7	multiallelic
Sm_1	multiallelic	16425	39	2	0.0121765601217656	38	>7	multiallelic
Sm_1	multiallelic	16425	42	1	0.0060882800608828	41	>7	multiallelic
Sm_1	multiallelic	16425	44	1	0.0060882800608828	43	>7	multiallelic
Sm_1	multiallelic	16425	46	1	0.0060882800608828	45	>7	multiallelic
Sm_1	multiallelic	16425	47	1	0.0060882800608828	46	>7	multiallelic
Sm_1	multiallelic	16425	49	2	0.0121765601217656	48	>7	multiallelic
Sm_1	multiallelic	16425	50	3	0.0182648401826484	49	>7	multiallelic
Sm_1	multiallelic	16425	54	1	0.0060882800608828	53	>7	multiallelic
Sm_1	multiallelic	16425	59	1	0.0060882800608828	58	>7	multiallelic
Sm_1	multiallelic	16425	61	1	0.0060882800608828	60	>7	multiallelic
Lc_1	biallelic	60689	0	3054	5.03221341594029	-1	-1	biallelic
Lc_1	biallelic	60689	1	36643	60.378322265979	0	0	biallelic
Lc_1	biallelic	60689	2	14265	23.5050832935128	1	1	biallelic
Lc_1	biallelic	60689	3	3826	6.30427260294287	2	2	biallelic
Lc_1	biallelic	60689	4	1444	2.37934386791676	3	3	biallelic
Lc_1	biallelic	60689	5	568	0.935919194582214	4	4	biallelic
Lc_1	biallelic	60689	6	384	0.632734103379525	5	5	biallelic
Lc_1	biallelic	60689	7	238	0.392163324490435	6	6	biallelic
Lc_1	biallelic	60689	8	165	0.27187793504589	7	7	biallelic
Lc_1	biallelic	60689	9	50	0.082387253044209	8	>7	biallelic
Lc_1	biallelic	60689	10	13	0.0214206857914943	9	>7	biallelic
Lc_1	biallelic	60689	11	11	0.018125195669726	10	>7	biallelic
Lc_1	biallelic	60689	12	11	0.018125195669726	11	>7	biallelic
Lc_1	biallelic	60689	13	5	0.0082387253044209	12	>7	biallelic
Lc_1	biallelic	60689	14	4	0.00659098024353672	13	>7	biallelic
Lc_1	biallelic	60689	15	8	0.0131819604870734	14	>7	biallelic
Lc_1	multiallelic	867	0	11	1.26874279123414	-1	-1	multiallelic
Lc_1	multiallelic	867	1	637	73.4717416378316	0	0	multiallelic
Lc_1	multiallelic	867	2	129	14.878892733564	1	1	multiallelic
Lc_1	multiallelic	867	3	47	5.42099192618224	2	2	multiallelic
Lc_1	multiallelic	867	4	23	2.65282583621684	3	3	multiallelic
Lc_1	multiallelic	867	5	12	1.3840830449827	4	4	multiallelic
Lc_1	multiallelic	867	6	6	0.69204152249135	5	5	multiallelic
Lc_1	multiallelic	867	8	1	0.115340253748558	7	7	multiallelic
Lc_1	multiallelic	867	9	1	0.115340253748558	8	>7	multiallelic
